initial_preference_width,adaptive_tolerance,backfire_rate,seed,initial_mean_extremity,final_mean_extremity,delta_extremity,final_extreme_share,final_opinion_variance,final_backfire_rate_observed,final_acceptance_rate
0.2,False,0.0,1,0.5380338813570394,0.5136365003349477,-0.02439738102209177,0.265,0.3432530184389437,0.00065,0.86135
0.2,False,0.0,2,0.5039942537498406,0.49641481793104775,-0.00757943581879289,0.265,0.3309552012934203,0.0006,0.863
0.2,False,0.0,3,0.4890296296058673,0.4854926591882932,-0.0035369704175741146,0.23,0.31109887912341005,0.0009,0.8559
0.2,False,0.0,4,0.5382270372131428,0.5391369988119746,0.0009099615988318321,0.285,0.3620323195463396,0.0006,0.86135
0.2,False,0.0,5,0.5029302632833011,0.4822624279383176,-0.020667835344983565,0.24,0.3182447785700864,0.0004,0.8534
0.2,False,0.0,6,0.5186356672752157,0.5207035666876931,0.0020678994124774253,0.29,0.3582637972256576,0.00045,0.863
0.2,False,0.0,7,0.513637667411623,0.49231336996956115,-0.021324297442061824,0.27,0.32398963943775344,0.0004,0.86235
0.2,False,0.0,8,0.5087707013838418,0.5031743723192134,-0.00559632906462848,0.255,0.3320568130719089,0.00065,0.86185
0.2,False,0.0,9,0.5037796340055101,0.49889558674737267,-0.004884047258137403,0.305,0.3353078181338919,0.0002,0.87145
0.2,False,0.0,10,0.4783554051954107,0.47909475866848716,0.000739353473076465,0.23,0.3094617601969914,0.00025,0.8668
0.2,False,0.0,11,0.5245057294818782,0.50180089803372,-0.02270483144815827,0.245,0.3343595006616253,0.00065,0.85515
0.2,False,0.0,12,0.5092713362654364,0.5086500185603932,-0.0006213177050432561,0.245,0.3373180840480819,0.00075,0.8594
0.2,False,0.0,13,0.525746492476239,0.5214009135529004,-0.004345578923338533,0.29,0.3497985004982458,0.0006,0.86185
0.2,False,0.0,14,0.49961878918402114,0.5005238999904834,0.0009051108064622726,0.275,0.3328180146948833,0.00055,0.86315
0.2,False,0.0,15,0.49128662390873923,0.4954864627227471,0.004199838814007872,0.255,0.31862206352084654,0.00065,0.85525
0.2,False,0.0,16,0.5398227235682644,0.5265725094121396,-0.013250214156124818,0.285,0.36309193274587515,0.00045,0.8737
0.2,False,0.0,17,0.501087792958863,0.49234848638788425,-0.008739306570978711,0.26,0.32614195724851536,0.0005,0.87265
0.2,False,0.0,18,0.5282595433746189,0.5262250869402759,-0.0020344564343429683,0.27,0.350647523133986,0.0006,0.8634
0.2,False,0.0,19,0.4817971947725576,0.49527963453525425,0.01348243976269664,0.225,0.31828940129201383,0.0005,0.86545
0.2,False,0.0,20,0.527119700541352,0.541929466603836,0.014809766062483964,0.335,0.3755974270539118,0.0007,0.86175
0.4,False,0.0,1,0.5380338813570394,0.565672587825987,0.027638706468947505,0.34,0.40079212957249793,0.0229,0.6644
0.4,False,0.0,2,0.5039942537498406,0.5198146196562916,0.015820365906450973,0.33,0.3678191476019104,0.02525,0.6639
0.4,False,0.0,3,0.4890296296058673,0.5097599890646359,0.02073035945876861,0.29,0.34273010068444776,0.02485,0.65795
0.4,False,0.0,4,0.5382270372131428,0.5446157590437354,0.006388721830592581,0.365,0.3776079730984644,0.0243,0.65795
0.4,False,0.0,5,0.5029302632833011,0.5151433112727677,0.012213047989466541,0.295,0.3565366761193618,0.02585,0.6527
0.4,False,0.0,6,0.5186356672752157,0.5523220979042922,0.0336864306290765,0.355,0.40028273770614503,0.0244,0.66105
0.4,False,0.0,7,0.513637667411623,0.5320005007294553,0.018362833317832283,0.35,0.36874431695694243,0.02525,0.6749
0.4,False,0.0,8,0.5087707013838418,0.5313825056624374,0.02261180427859555,0.325,0.36659483418627203,0.02535,0.6553
0.4,False,0.0,9,0.5037796340055101,0.5160826303134352,0.012302996307925085,0.345,0.37085739023653047,0.02445,0.6768
0.4,False,0.0,10,0.4783554051954107,0.4846249462223898,0.006269541026979075,0.27,0.323846468153008,0.0225,0.65445
0.4,False,0.0,11,0.5245057294818782,0.5346023773611928,0.010096647879314524,0.315,0.37698989809472466,0.0239,0.65975
0.4,False,0.0,12,0.5092713362654364,0.5249123580643936,0.01564102179895721,0.3,0.360977911910144,0.0256,0.65275
0.4,False,0.0,13,0.525746492476239,0.5328395442338162,0.00709305175757724,0.32,0.36845729890125883,0.0232,0.66975
0.4,False,0.0,14,0.49961878918402114,0.5160729022164786,0.016454113032457474,0.325,0.3629171575162378,0.02575,0.65795
0.4,False,0.0,15,0.49128662390873923,0.501716004223463,0.010429380314723735,0.27,0.33012844029012994,0.02545,0.64065
0.4,False,0.0,16,0.5398227235682644,0.5565888174737883,0.01676609390552386,0.385,0.3938208730152587,0.02215,0.6781
0.4,False,0.0,17,0.501087792958863,0.5154343011320578,0.014346508173194827,0.305,0.36163157833670057,0.0248,0.6688
0.4,False,0.0,18,0.5282595433746189,0.5620232594114764,0.03376371603685746,0.355,0.4017179968981206,0.02325,0.66035
0.4,False,0.0,19,0.4817971947725576,0.49784913480112114,0.016051940028563527,0.255,0.3303527426054271,0.02475,0.6548
0.4,False,0.0,20,0.527119700541352,0.5494403345759615,0.022320634034609488,0.345,0.38695473702221783,0.02465,0.6673
0.6,False,0.0,1,0.5380338813570394,0.5559626297266005,0.017928748369561043,0.35,0.3962126664041473,0.05885,0.5627
0.6,False,0.0,2,0.5039942537498406,0.5310371817641953,0.027042928014354706,0.335,0.3808202050106631,0.06295,0.5736
0.6,False,0.0,3,0.4890296296058673,0.5200402226639622,0.031010593058094893,0.33,0.36044792561465655,0.0631,0.5568
0.6,False,0.0,4,0.5382270372131428,0.5625137873837792,0.024286750170636418,0.38,0.4084192518694607,0.0618,0.57085
0.6,False,0.0,5,0.5029302632833011,0.5208660942407939,0.017935830957492738,0.315,0.3648610333753433,0.06435,0.56185
0.6,False,0.0,6,0.5186356672752157,0.5517062957377,0.03307062846248432,0.385,0.40750519772742094,0.0624,0.56435
0.6,False,0.0,7,0.513637667411623,0.5474910885448167,0.03385342113319367,0.385,0.39255551131354294,0.0601,0.57895
0.6,False,0.0,8,0.5087707013838418,0.5380950570027481,0.029324355618906228,0.345,0.3826723540538562,0.05935,0.5571
0.6,False,0.0,9,0.5037796340055101,0.5226642060909101,0.018884572085400064,0.36,0.3773384251056731,0.06225,0.5784
0.6,False,0.0,10,0.4783554051954107,0.49695322284343346,0.018597817648022763,0.295,0.3430108899304431,0.0616,0.56845
0.6,False,0.0,11,0.5245057294818782,0.5453251635944042,0.02081943411252596,0.36,0.3950063296717134,0.0638,0.57105
0.6,False,0.0,12,0.5092713362654364,0.5322744963734235,0.023003160107987086,0.34,0.3776047689580618,0.06315,0.56365
0.6,False,0.0,13,0.525746492476239,0.5544675776540653,0.028721085177826344,0.375,0.3934282543677833,0.062,0.57015
0.6,False,0.0,14,0.49961878918402114,0.5190925179659612,0.01947372878194009,0.35,0.37337986202880585,0.0646,0.56385
0.6,False,0.0,15,0.49128662390873923,0.5135113583295392,0.022224734420799974,0.28,0.34064402852656156,0.06175,0.5467
0.6,False,0.0,16,0.5398227235682644,0.5729412862895953,0.033118562721330846,0.355,0.41420568943914454,0.0564,0.58135
0.6,False,0.0,17,0.501087792958863,0.529534273699717,0.028446480740853985,0.355,0.38597461581223075,0.0588,0.5701
0.6,False,0.0,18,0.5282595433746189,0.5503699685969811,0.022110425222362173,0.315,0.3912225194266085,0.0592,0.56545
0.6,False,0.0,19,0.4817971947725576,0.5058464300163394,0.02404923524378183,0.295,0.3475113781759419,0.06295,0.56985
0.6,False,0.0,20,0.527119700541352,0.5636474934288858,0.03652779288753372,0.395,0.41067661507391934,0.0616,0.5738
0.85,False,0.0,1,0.5380338813570394,0.5665032264306487,0.02846934507360921,0.345,0.4077604940213929,0.10205,0.51115
0.85,False,0.0,2,0.5039942537498406,0.5296843155009353,0.025690061751094673,0.36,0.38833901131734294,0.1029,0.5164
0.85,False,0.0,3,0.4890296296058673,0.5180967930276394,0.029067163421772124,0.315,0.3614636495492639,0.10485,0.4953
0.85,False,0.0,4,0.5382270372131428,0.5689820016083176,0.030754964395174778,0.385,0.4185626878267975,0.10385,0.5137
0.85,False,0.0,5,0.5029302632833011,0.5211630477807856,0.018232784497484444,0.31,0.3649116605158209,0.1061,0.5024
0.85,False,0.0,6,0.5186356672752157,0.5563274735413373,0.037691806266121564,0.365,0.40964401636654074,0.10225,0.50565
0.85,False,0.0,7,0.513637667411623,0.5430116940435314,0.029374026631908468,0.375,0.39266329334268724,0.1023,0.52215
0.85,False,0.0,8,0.5087707013838418,0.538636299869659,0.029865598485817157,0.32,0.3784303883421795,0.1033,0.49935
0.85,False,0.0,9,0.5037796340055101,0.5313749403116232,0.027595306306113176,0.355,0.38696119039055105,0.1026,0.51765
0.85,False,0.0,10,0.4783554051954107,0.5063668400041837,0.02801143480877305,0.32,0.35705022940121195,0.1036,0.5086
0.85,False,0.0,11,0.5245057294818782,0.5612118826134403,0.036706153131562114,0.38,0.4150424341580971,0.1046,0.50535
0.85,False,0.0,12,0.5092713362654364,0.5352675715411463,0.025996235275709934,0.32,0.37614708140852315,0.1039,0.4978
0.85,False,0.0,13,0.525746492476239,0.5526528465989133,0.026906354122674392,0.385,0.40260389937294333,0.10155,0.511
0.85,False,0.0,14,0.49961878918402114,0.5297886646225866,0.03016987543856542,0.355,0.38275058230049225,0.1048,0.51065
0.85,False,0.0,15,0.49128662390873923,0.5162644336689904,0.024977809760251213,0.3,0.3484289138623942,0.1034,0.4904
0.85,False,0.0,16,0.5398227235682644,0.565562553226603,0.025739829658338542,0.38,0.40818626025840854,0.0983,0.5265
0.85,False,0.0,17,0.501087792958863,0.5278469307609134,0.026759137802050414,0.34,0.3767743074220799,0.09995,0.5122
0.85,False,0.0,18,0.5282595433746189,0.5671550364568745,0.038895493082255594,0.34,0.4110372026317548,0.10075,0.50475
0.85,False,0.0,19,0.4817971947725576,0.5127735501596359,0.03097635538707827,0.295,0.3563961154539595,0.10145,0.5046
0.85,False,0.0,20,0.527119700541352,0.5561166484278033,0.02899694788645124,0.39,0.40414211153075913,0.10465,0.51655
1.0,False,0.0,1,0.5380338813570394,0.5609306594381096,0.022896778081070157,0.355,0.40363153274099384,0.1218,0.4892
1.0,False,0.0,2,0.5039942537498406,0.5328965452037309,0.028902291453890228,0.35,0.38696079286940477,0.12405,0.48965
1.0,False,0.0,3,0.4890296296058673,0.5326638073646562,0.04363417775878892,0.365,0.3832415039592164,0.1229,0.4817
1.0,False,0.0,4,0.5382270372131428,0.5634536644140958,0.025226627200953033,0.38,0.4124142985454738,0.12505,0.48435
1.0,False,0.0,5,0.5029302632833011,0.5240516237540134,0.021121360470712225,0.325,0.3769914466010548,0.12585,0.4853
1.0,False,0.0,6,0.5186356672752157,0.5487678463897873,0.030132179114571556,0.35,0.4005852098376303,0.1249,0.47925
1.0,False,0.0,7,0.513637667411623,0.5562016937186534,0.04256402630703038,0.38,0.4043975696586657,0.1238,0.5087
1.0,False,0.0,8,0.5087707013838418,0.5478429553443561,0.03907225396051428,0.34,0.38819786193353123,0.12175,0.4721
1.0,False,0.0,9,0.5037796340055101,0.5262006403256976,0.02242100632018751,0.35,0.38170342180279704,0.1221,0.4973
1.0,False,0.0,10,0.4783554051954107,0.5146733465430292,0.03631794134761851,0.305,0.359192965871602,0.1234,0.4816
1.0,False,0.0,11,0.5245057294818782,0.5633454209310235,0.03883969144914523,0.375,0.4195875476998367,0.12625,0.49045
1.0,False,0.0,12,0.5092713362654364,0.528726079901775,0.01945474363633859,0.325,0.37180931933787975,0.12575,0.469
1.0,False,0.0,13,0.525746492476239,0.5508347794921986,0.025088287015959665,0.37,0.39543614593111875,0.1243,0.4874
1.0,False,0.0,14,0.49961878918402114,0.53112479062074,0.03150600143671889,0.36,0.3901274473308621,0.1241,0.4882
1.0,False,0.0,15,0.49128662390873923,0.5171695682372266,0.025882944328487367,0.31,0.35916700402113305,0.1252,0.47
1.0,False,0.0,16,0.5398227235682644,0.5640836315374932,0.02426090796922875,0.37,0.411827790715127,0.1199,0.50315
1.0,False,0.0,17,0.501087792958863,0.5370754417717261,0.03598764881286309,0.36,0.3927005610757661,0.1232,0.48935
1.0,False,0.0,18,0.5282595433746189,0.5543037559479638,0.026044212573344883,0.34,0.40182947383188306,0.12235,0.4805
1.0,False,0.0,19,0.4817971947725576,0.5242382943813307,0.042441099608773125,0.3,0.36255265234824974,0.12355,0.4761
1.0,False,0.0,20,0.527119700541352,0.5720816458999172,0.044961945358565125,0.425,0.42478223280914734,0.1208,0.4988
0.2,False,0.03,1,0.5380338813570394,0.5205928149887972,-0.017441066368242275,0.245,0.34829983971434175,0.00045,0.86605
0.2,False,0.03,2,0.5039942537498406,0.5080718356797833,0.004077581929942675,0.285,0.34589414350697195,0.0006,0.86575
0.2,False,0.03,3,0.4890296296058673,0.48412391637970215,-0.004905713226165176,0.22,0.30918753904342144,0.00065,0.85405
0.2,False,0.03,4,0.5382270372131428,0.5226352378005348,-0.01559179941260802,0.27,0.34764193247314773,0.00065,0.8603
0.2,False,0.03,5,0.5029302632833011,0.49256696952958945,-0.0103632937537117,0.235,0.3198291142217477,0.00085,0.8572
0.2,False,0.03,6,0.5186356672752157,0.534412048341962,0.01577638106674628,0.29,0.365031493513202,0.0005,0.86235
0.2,False,0.03,7,0.513637667411623,0.49181751159484377,-0.021820155816779208,0.25,0.3176337624003648,0.0006,0.86145
0.2,False,0.03,8,0.5087707013838418,0.49973665440093634,-0.009034046982905497,0.255,0.3247592100285716,0.00075,0.85675
0.2,False,0.03,9,0.5037796340055101,0.49962401001032647,-0.004155623995183599,0.285,0.3397137719888185,0.0007,0.87185
0.2,False,0.03,10,0.4783554051954107,0.48569054106301784,0.007335135867607145,0.2,0.30980259958391526,0.00055,0.86905
0.2,False,0.03,11,0.5245057294818782,0.5106456321972899,-0.013860097284588369,0.27,0.3385468673617463,0.00045,0.8578
0.2,False,0.03,12,0.5092713362654364,0.5184540839099685,0.009182747644532085,0.285,0.34445547120015,0.00035,0.86155
0.2,False,0.03,13,0.525746492476239,0.5103425763823481,-0.015403916093890802,0.255,0.3314773515766047,0.00065,0.86035
0.2,False,0.03,14,0.49961878918402114,0.49854308081347765,-0.0010757083705434933,0.295,0.3415565185359057,0.0007,0.85865
0.2,False,0.03,15,0.49128662390873923,0.5032675251130208,0.011980901204281524,0.24,0.3184241096034779,0.0006,0.8575
0.2,False,0.03,16,0.5398227235682644,0.5176865066611572,-0.02213621690710721,0.29,0.34599388498079997,0.00055,0.8771
0.2,False,0.03,17,0.501087792958863,0.4581965772716618,-0.04289121568720117,0.215,0.29631774407586503,0.0004,0.86785
0.2,False,0.03,18,0.5282595433746189,0.5308126913281032,0.0025531479534842694,0.22,0.3529547167108222,0.0006,0.8592
0.2,False,0.03,19,0.4817971947725576,0.509091775349887,0.02729458057732942,0.235,0.3325928744092397,0.00045,0.86565
0.2,False,0.03,20,0.527119700541352,0.5467961326954662,0.019676432154114187,0.325,0.376739944357266,0.00055,0.8625
0.4,False,0.03,1,0.5380338813570394,0.5878516749319297,0.049817793574890246,0.405,0.43304723670683853,0.0228,0.6679
0.4,False,0.03,2,0.5039942537498406,0.5413933223592253,0.03739906860938469,0.34,0.3933362363197044,0.02445,0.6688
0.4,False,0.03,3,0.4890296296058673,0.5285901592191906,0.03956052961332329,0.34,0.3701499934308144,0.0254,0.6526
0.4,False,0.03,4,0.5382270372131428,0.584713035253561,0.0464859980404182,0.41,0.4261095531438444,0.0244,0.65925
0.4,False,0.03,5,0.5029302632833011,0.5296826830233273,0.02675241974002618,0.36,0.37687319362959043,0.02535,0.66035
0.4,False,0.03,6,0.5186356672752157,0.5685611911629997,0.04992552388778404,0.395,0.4237299046716342,0.024,0.66715
0.4,False,0.03,7,0.513637667411623,0.5621747959624829,0.0485371285508599,0.405,0.41372001135246145,0.0248,0.67235
0.4,False,0.03,8,0.5087707013838418,0.5498479452243608,0.04107724384051892,0.365,0.3918773381249918,0.0246,0.6631
0.4,False,0.03,9,0.5037796340055101,0.5354524551848944,0.0316728211793843,0.39,0.39165593335112364,0.02275,0.67645
0.4,False,0.03,10,0.4783554051954107,0.5204292745983637,0.042073869402953046,0.3,0.356561422765769,0.02515,0.65915
0.4,False,0.03,11,0.5245057294818782,0.5738394637203069,0.049333734238428684,0.41,0.4251285811366368,0.025,0.66855
0.4,False,0.03,12,0.5092713362654364,0.5545523449244356,0.0452810086589992,0.36,0.397689261783631,0.0246,0.657
0.4,False,0.03,13,0.525746492476239,0.5555882354032454,0.029841742927006476,0.38,0.39936015104511086,0.0242,0.6698
0.4,False,0.03,14,0.49961878918402114,0.533521217399127,0.033902428215105807,0.36,0.38506974241068725,0.0268,0.663
0.4,False,0.03,15,0.49128662390873923,0.5384772657770693,0.04719064186833011,0.36,0.3732378611620535,0.0233,0.6573
0.4,False,0.03,16,0.5398227235682644,0.5801926041842345,0.04036988061597002,0.41,0.42274398844263233,0.0221,0.6834
0.4,False,0.03,17,0.501087792958863,0.5441464588514627,0.04305866589259977,0.38,0.3955224831084157,0.0229,0.6727
0.4,False,0.03,18,0.5282595433746189,0.5661852084316739,0.03792566505705497,0.37,0.40460897619974845,0.02395,0.66145
0.4,False,0.03,19,0.4817971947725576,0.5237002336342378,0.041903038861680175,0.315,0.36567489209527276,0.0237,0.66585
0.4,False,0.03,20,0.527119700541352,0.5795951227572927,0.052475422215940704,0.42,0.42729844040854764,0.0247,0.67155
0.6,False,0.03,1,0.5380338813570394,0.6345342277268293,0.09650034636978988,0.5,0.495466921949552,0.0601,0.59205
0.6,False,0.03,2,0.5039942537498406,0.6049776291039851,0.10098337535414448,0.49,0.4800335509951566,0.06215,0.59025
0.6,False,0.03,3,0.4890296296058673,0.6017808275560622,0.11275119795019489,0.445,0.45823930308471794,0.06315,0.57795
0.6,False,0.03,4,0.5382270372131428,0.6436908013395235,0.1054637641263807,0.51,0.5044955333664732,0.0618,0.59305
0.6,False,0.03,5,0.5029302632833011,0.589962983974338,0.08703272069103685,0.43,0.45302631689369943,0.06265,0.5764
0.6,False,0.03,6,0.5186356672752157,0.6181479921314453,0.09951232485622963,0.495,0.4936506368743983,0.06265,0.59715
0.6,False,0.03,7,0.513637667411623,0.6082384568361734,0.09460078942455041,0.505,0.47263390321457394,0.0601,0.6018
0.6,False,0.03,8,0.5087707013838418,0.6261194238899493,0.1173487225061075,0.475,0.48510604592258383,0.0614,0.58925
0.6,False,0.03,9,0.5037796340055101,0.5982890757577104,0.09450944175220033,0.465,0.4617129345830169,0.0623,0.60235
0.6,False,0.03,10,0.4783554051954107,0.579847634715503,0.10149222952009235,0.445,0.4416539065752585,0.0633,0.57955
0.6,False,0.03,11,0.5245057294818782,0.6262311231045183,0.1017253936226401,0.515,0.4949651906829503,0.063,0.59155
0.6,False,0.03,12,0.5092713362654364,0.6241055626397141,0.11483422637427765,0.495,0.48850981784303227,0.06105,0.5943
0.6,False,0.03,13,0.525746492476239,0.6229353706714307,0.09718887819519173,0.495,0.4767283772077873,0.06115,0.5842
0.6,False,0.03,14,0.49961878918402114,0.5983163778916475,0.09869758870762635,0.44,0.46295665790503615,0.0622,0.5841
0.6,False,0.03,15,0.49128662390873923,0.5878039286968736,0.09651730478813436,0.45,0.44758658048030325,0.06025,0.5862
0.6,False,0.03,16,0.5398227235682644,0.6241152208941324,0.08429249732586797,0.47,0.48119665773498677,0.0577,0.5976
0.6,False,0.03,17,0.501087792958863,0.5967417654324754,0.0956539724736124,0.45,0.4626114305417089,0.0603,0.60155
0.6,False,0.03,18,0.5282595433746189,0.6312068905695924,0.10294734719497356,0.515,0.4996301765116586,0.0592,0.5956
0.6,False,0.03,19,0.4817971947725576,0.5859386848978047,0.10414149012524704,0.415,0.4417173608361225,0.0613,0.5758
0.6,False,0.03,20,0.527119700541352,0.6416881712918674,0.11456847075051535,0.505,0.4964526356536523,0.0611,0.6004
0.85,False,0.03,1,0.5380338813570394,0.7115462195541896,0.17351233819715017,0.615,0.6013513718399731,0.09935,0.5647
0.85,False,0.03,2,0.5039942537498406,0.6728860559806678,0.16889180223082711,0.585,0.5612347224525915,0.1035,0.55785
0.85,False,0.03,3,0.4890296296058673,0.6755064226071282,0.1864767930012609,0.565,0.5523775479697529,0.10435,0.5446
0.85,False,0.03,4,0.5382270372131428,0.7098161942334397,0.17158915702029687,0.6,0.5920338673513017,0.0987,0.55555
0.85,False,0.03,5,0.5029302632833011,0.6693016071448497,0.1663713438615485,0.54,0.5535770503107301,0.10615,0.54965
0.85,False,0.03,6,0.5186356672752157,0.6866403214195611,0.1680046541443454,0.6,0.5773131740382696,0.10305,0.5592
0.85,False,0.03,7,0.513637667411623,0.6681279751453444,0.1544903077337214,0.565,0.5470409799201444,0.1025,0.5598
0.85,False,0.03,8,0.5087707013838418,0.7010116831324282,0.1922409817485864,0.58,0.5840651459298566,0.10155,0.54845
0.85,False,0.03,9,0.5037796340055101,0.6751435876913788,0.17136395368586876,0.565,0.5562191390551164,0.10055,0.5619
0.85,False,0.03,10,0.4783554051954107,0.6310051858375577,0.15264978064214701,0.49,0.506491208138838,0.10075,0.5293
0.85,False,0.03,11,0.5245057294818782,0.6844210015099609,0.15991527202808264,0.605,0.5759364819857683,0.10375,0.5557
0.85,False,0.03,12,0.5092713362654364,0.6782071316901707,0.16893579542473425,0.58,0.5553554078485675,0.1037,0.55445
0.85,False,0.03,13,0.525746492476239,0.6939494309111103,0.16820293843487133,0.59,0.5670056017322396,0.103,0.56225
0.85,False,0.03,14,0.49961878918402114,0.6579557218560919,0.15833693267207072,0.57,0.5388488382333884,0.10425,0.54545
0.85,False,0.03,15,0.49128662390873923,0.6655226842040445,0.17423606029530525,0.58,0.5419222917757702,0.10135,0.55245
0.85,False,0.03,16,0.5398227235682644,0.711408847985492,0.17158612441722754,0.615,0.5920112416446718,0.09805,0.56265
0.85,False,0.03,17,0.501087792958863,0.6610639795714947,0.1599761866126317,0.59,0.5551749319874105,0.10035,0.55685
0.85,False,0.03,18,0.5282595433746189,0.7243632640357107,0.19610372066109183,0.635,0.6155494831884974,0.0988,0.5661
0.85,False,0.03,19,0.4817971947725576,0.6515568565745329,0.16975966180197527,0.545,0.5283133904917164,0.1031,0.5432
0.85,False,0.03,20,0.527119700541352,0.6816828639113175,0.15456316336996545,0.59,0.566022937627499,0.1003,0.56545
1.0,False,0.03,1,0.5380338813570394,0.7508878808390484,0.212853999482009,0.69,0.6551052822734366,0.12,0.558
1.0,False,0.03,2,0.5039942537498406,0.7038956978764892,0.19990144412664856,0.635,0.603776734350781,0.1235,0.54595
1.0,False,0.03,3,0.4890296296058673,0.6969330681719649,0.20790343856609755,0.61,0.5881706232143503,0.1237,0.5387
1.0,False,0.03,4,0.5382270372131428,0.7317286026570126,0.19350156544386976,0.665,0.6327596135030477,0.12315,0.5501
1.0,False,0.03,5,0.5029302632833011,0.702712162817939,0.19978189953463787,0.6,0.5955946940739415,0.12255,0.5232
1.0,False,0.03,6,0.5186356672752157,0.719832176736158,0.20119650946094225,0.61,0.6182883805142789,0.12245,0.5511
1.0,False,0.03,7,0.513637667411623,0.6903141234739064,0.17667645606228344,0.605,0.5772267256372169,0.12275,0.54725
1.0,False,0.03,8,0.5087707013838418,0.7300960024375956,0.2213253010537538,0.63,0.6199512384612038,0.12105,0.5457
1.0,False,0.03,9,0.5037796340055101,0.6940848325991084,0.1903051985935983,0.63,0.5915654981921796,0.12185,0.5433
1.0,False,0.03,10,0.4783554051954107,0.6890510819995902,0.2106956768041795,0.595,0.5777018847433227,0.12205,0.52845
1.0,False,0.03,11,0.5245057294818782,0.7234893774090904,0.19898364792721213,0.635,0.6246191708945621,0.1213,0.5425
1.0,False,0.03,12,0.5092713362654364,0.7372577264535332,0.22798639018809674,0.665,0.6342470287131351,0.12295,0.5428
1.0,False,0.03,13,0.525746492476239,0.7470008626713976,0.2212543701951587,0.67,0.6346389211999862,0.1197,0.5483
1.0,False,0.03,14,0.49961878918402114,0.7022789772635055,0.20266018807948438,0.62,0.5928111080141979,0.12335,0.5406
1.0,False,0.03,15,0.49128662390873923,0.710105689002261,0.21881906509352178,0.615,0.5944843946502474,0.12255,0.5477
1.0,False,0.03,16,0.5398227235682644,0.7479825249287017,0.2081598013604372,0.675,0.6440418775138089,0.1183,0.55185
1.0,False,0.03,17,0.501087792958863,0.710569433729667,0.209481640770804,0.66,0.620413747747126,0.12175,0.54675
1.0,False,0.03,18,0.5282595433746189,0.7468750348374508,0.21861549146283188,0.655,0.6489265661482831,0.1194,0.55485
1.0,False,0.03,19,0.4817971947725576,0.6956385781590516,0.213841383386494,0.605,0.5838592218989064,0.12215,0.538
1.0,False,0.03,20,0.527119700541352,0.7220503775683379,0.19493067702698585,0.665,0.615944619751706,0.1216,0.55285
0.2,False,0.06,1,0.5380338813570394,0.5246657390224184,-0.013368142334621025,0.23,0.345129343513147,0.00045,0.867
0.2,False,0.06,2,0.5039942537498406,0.5023503233703142,-0.0016439303795264815,0.26,0.3408422623619029,0.0005,0.8622
0.2,False,0.06,3,0.4890296296058673,0.48064134569779016,-0.008388283908077165,0.245,0.31111502904155464,0.00055,0.8612
0.2,False,0.06,4,0.5382270372131428,0.5385158748513365,0.0002888376381936508,0.275,0.3600984688107357,0.00085,0.85865
0.2,False,0.06,5,0.5029302632833011,0.49852932752924367,-0.004400935754057478,0.22,0.32190692886730604,0.0005,0.852
0.2,False,0.06,6,0.5186356672752157,0.5366743598129932,0.018038692537777457,0.325,0.3744244658023847,0.00065,0.8624
0.2,False,0.06,7,0.513637667411623,0.4943262359001766,-0.019311431511446375,0.26,0.31758123596326887,0.00085,0.8673
0.2,False,0.06,8,0.5087707013838418,0.4997502573005528,-0.009020444083289059,0.235,0.33160685976725396,0.0005,0.86155
0.2,False,0.06,9,0.5037796340055101,0.5098410075062917,0.006061373500781619,0.26,0.34439601772809536,0.00035,0.874
0.2,False,0.06,10,0.4783554051954107,0.46314241677335916,-0.015212988422051543,0.18,0.2909480564410441,0.0007,0.8662
0.2,False,0.06,11,0.5245057294818782,0.5244323620355497,-7.336744632857606e-05,0.265,0.351873748765021,0.0009,0.8571
0.2,False,0.06,12,0.5092713362654364,0.5016883814752533,-0.007582954790183116,0.245,0.3296073250229369,0.00035,0.8607
0.2,False,0.06,13,0.525746492476239,0.5156355980826781,-0.010110894393560832,0.25,0.332472031267812,0.00055,0.86085
0.2,False,0.06,14,0.49961878918402114,0.5104123889318566,0.010793599747835447,0.27,0.3376596945177225,0.00075,0.85805
0.2,False,0.06,15,0.49128662390873923,0.48794076006799597,-0.0033458638407432573,0.24,0.3117084205515721,0.0005,0.85875
0.2,False,0.06,16,0.5398227235682644,0.505711355022371,-0.03411136854589347,0.26,0.3358711598479745,0.00045,0.8732
0.2,False,0.06,17,0.501087792958863,0.4987866376231274,-0.0023011553357355496,0.24,0.3325559131707959,0.0002,0.87205
0.2,False,0.06,18,0.5282595433746189,0.5302974633386367,0.002037919964017809,0.28,0.3585964049471076,0.0005,0.86335
0.2,False,0.06,19,0.4817971947725576,0.48972806366216576,0.007930868889608145,0.24,0.3233558671263957,0.00065,0.8692
0.2,False,0.06,20,0.527119700541352,0.5359938476405653,0.008874147099213303,0.295,0.36248340204677904,0.00065,0.8661
0.4,False,0.06,1,0.5380338813570394,0.6051935751876287,0.06715969383058928,0.435,0.4587292096610267,0.02265,0.67605
0.4,False,0.06,2,0.5039942537498406,0.552419312208502,0.04842505845866141,0.405,0.41083654080644244,0.0245,0.66415
0.4,False,0.06,3,0.4890296296058673,0.564849241339341,0.07581961173347368,0.37,0.411873826159179,0.0262,0.66495
0.4,False,0.06,4,0.5382270372131428,0.611874568100014,0.07364753088687115,0.44,0.4663174757386082,0.0252,0.67375
0.4,False,0.06,5,0.5029302632833011,0.5557248222939707,0.05279455901066954,0.37,0.40358382376944424,0.0245,0.6606
0.4,False,0.06,6,0.5186356672752157,0.5982929221372721,0.07965725486205644,0.43,0.4519166866067687,0.02505,0.6712
0.4,False,0.06,7,0.513637667411623,0.5729707625417902,0.05933309513016727,0.445,0.4215904585761615,0.02435,0.6744
0.4,False,0.06,8,0.5087707013838418,0.5693368776555258,0.060566176271683925,0.38,0.4183111395460138,0.0245,0.6673
0.4,False,0.06,9,0.5037796340055101,0.564978993587901,0.06119935958239098,0.4,0.4179463010225519,0.0238,0.6746
0.4,False,0.06,10,0.4783554051954107,0.5393541014315665,0.06099869623615578,0.36,0.38926808797182816,0.02305,0.66925
0.4,False,0.06,11,0.5245057294818782,0.5807019732178431,0.05619624373596488,0.41,0.43340646212380746,0.02495,0.6673
0.4,False,0.06,12,0.5092713362654364,0.5602940520717766,0.05102271580634021,0.395,0.40871832466591923,0.0234,0.6692
0.4,False,0.06,13,0.525746492476239,0.5800561329798721,0.05430964050363318,0.42,0.4221458093545515,0.0238,0.67215
0.4,False,0.06,14,0.49961878918402114,0.558994057540563,0.05937526835654183,0.415,0.41509475282393177,0.026,0.6693
0.4,False,0.06,15,0.49128662390873923,0.5508459019722334,0.05955927806349415,0.37,0.40109059968197935,0.0243,0.6668
0.4,False,0.06,16,0.5398227235682644,0.5809994184356274,0.04117669486736297,0.39,0.42467579640234204,0.0219,0.6779
0.4,False,0.06,17,0.501087792958863,0.5614006067178255,0.06031281375896258,0.41,0.42097009069926783,0.02375,0.6744
0.4,False,0.06,18,0.5282595433746189,0.5933047584510941,0.0650452150764752,0.415,0.44209254388690383,0.02265,0.67295
0.4,False,0.06,19,0.4817971947725576,0.5517247550429216,0.06992756027036401,0.365,0.39863982687106886,0.02535,0.668
0.4,False,0.06,20,0.527119700541352,0.584546787273845,0.05742708673249297,0.46,0.4385875579890901,0.0239,0.6754
0.6,False,0.06,1,0.5380338813570394,0.7304521015356581,0.19241822017861865,0.65,0.6233535511099483,0.0585,0.62455
0.6,False,0.06,2,0.5039942537498406,0.6666581427260314,0.16266388897619077,0.59,0.5509739078032648,0.0608,0.6039
0.6,False,0.06,3,0.4890296296058673,0.6562630594640707,0.1672334298582034,0.535,0.5281142295597505,0.06275,0.59855
0.6,False,0.06,4,0.5382270372131428,0.7103794260664261,0.17215238885328332,0.645,0.5971044940974639,0.0616,0.61135
0.6,False,0.06,5,0.5029302632833011,0.6811498636898452,0.17821960040654405,0.56,0.5666601405977216,0.06295,0.59945
0.6,False,0.06,6,0.5186356672752157,0.6877028627929491,0.16906719551773342,0.595,0.5743794705402554,0.06225,0.611
0.6,False,0.06,7,0.513637667411623,0.6700041841564732,0.15636651674485025,0.59,0.5443936799892194,0.0622,0.6178
0.6,False,0.06,8,0.5087707013838418,0.6985745659243139,0.18980386454047204,0.59,0.58149668128797,0.0607,0.60605
0.6,False,0.06,9,0.5037796340055101,0.6619136504444783,0.15813401643896818,0.55,0.5378885492780725,0.06055,0.6144
0.6,False,0.06,10,0.4783554051954107,0.6441308842682243,0.1657754790728136,0.53,0.5229165588947181,0.0611,0.60965
0.6,False,0.06,11,0.5245057294818782,0.690954637044668,0.16644890756278974,0.6,0.5787521136236553,0.06275,0.61345
0.6,False,0.06,12,0.5092713362654364,0.6944771862665323,0.1852058500010959,0.62,0.5735782754325645,0.062,0.6147
0.6,False,0.06,13,0.525746492476239,0.6902690522734274,0.16452255979718844,0.6,0.5565854017042973,0.06075,0.6132
0.6,False,0.06,14,0.49961878918402114,0.6668378892705209,0.16721910008649976,0.565,0.5422242161336807,0.06335,0.61135
0.6,False,0.06,15,0.49128662390873923,0.6756135412132899,0.18432691730455064,0.58,0.5393304364525763,0.06305,0.60375
0.6,False,0.06,16,0.5398227235682644,0.7053095126942125,0.16548678912594805,0.62,0.5854866720354154,0.05745,0.6276
0.6,False,0.06,17,0.501087792958863,0.666494285276203,0.16540649231734006,0.575,0.5457843831277384,0.0633,0.6181
0.6,False,0.06,18,0.5282595433746189,0.7038406525464636,0.17558110917184466,0.63,0.5910245578020297,0.0605,0.62305
0.6,False,0.06,19,0.4817971947725576,0.6554987848558462,0.17370159008328862,0.54,0.522193158225293,0.0599,0.59985
0.6,False,0.06,20,0.527119700541352,0.6979019389748511,0.17078223843349905,0.605,0.5749592689812562,0.0623,0.6176
0.85,False,0.06,1,0.5380338813570394,0.800441847978396,0.26240796662135657,0.775,0.7140003483656377,0.0996,0.6035
0.85,False,0.06,2,0.5039942537498406,0.7653860129970337,0.26139175924719305,0.72,0.6788849008005985,0.10385,0.5913
0.85,False,0.06,3,0.4890296296058673,0.7771742684899088,0.28814463888404146,0.75,0.6857095588813874,0.10305,0.5896
0.85,False,0.06,4,0.5382270372131428,0.7986729141079068,0.26044587689476395,0.75,0.7112165529302371,0.1007,0.5938
0.85,False,0.06,5,0.5029302632833011,0.7705431254985221,0.26761286221522096,0.725,0.6791677396385688,0.10375,0.57745
0.85,False,0.06,6,0.5186356672752157,0.7887994909960736,0.2701638237208579,0.735,0.7026166776983088,0.10065,0.59375
0.85,False,0.06,7,0.513637667411623,0.7638889365899044,0.25025126917828144,0.705,0.656706603720431,0.10055,0.59105
0.85,False,0.06,8,0.5087707013838418,0.7958949195140235,0.28712421813018163,0.745,0.7055360579881179,0.09965,0.5944
0.85,False,0.06,9,0.5037796340055101,0.7719917116224305,0.26821207761692045,0.73,0.6763529898810376,0.10125,0.58555
0.85,False,0.06,10,0.4783554051954107,0.7593717067816974,0.2810163015862867,0.685,0.6622450386927109,0.0977,0.58345
0.85,False,0.06,11,0.5245057294818782,0.783652722294521,0.25914699281264275,0.745,0.6970501123230253,0.10165,0.5875
0.85,False,0.06,12,0.5092713362654364,0.8134327617914527,0.3041614255260163,0.775,0.7246798170102667,0.1018,0.5932
0.85,False,0.06,13,0.525746492476239,0.8022158640920398,0.2764693716158009,0.77,0.7019484109325362,0.1013,0.589
0.85,False,0.06,14,0.49961878918402114,0.7554880986442908,0.25586930946026964,0.705,0.6562196315613045,0.10615,0.57725
0.85,False,0.06,15,0.49128662390873923,0.7754009678965843,0.2841143439878451,0.76,0.6810709308981524,0.1018,0.5888
0.85,False,0.06,16,0.5398227235682644,0.7929983160227985,0.253175592454534,0.76,0.6999064673647237,0.09895,0.59855
0.85,False,0.06,17,0.501087792958863,0.7685501399017689,0.26746234694290594,0.71,0.6768258686966879,0.0979,0.59025
0.85,False,0.06,18,0.5282595433746189,0.8180657104001482,0.2898061670255293,0.785,0.7369022294532919,0.0982,0.5975
0.85,False,0.06,19,0.4817971947725576,0.7851364363583199,0.30333924158576225,0.76,0.6934494019823012,0.10085,0.5801
0.85,False,0.06,20,0.527119700541352,0.7856054100971954,0.2584857095558434,0.76,0.6955949005106641,0.0994,0.6037
1.0,False,0.06,1,0.5380338813570394,0.854415215236564,0.3163813338795246,0.855,0.7898352769267746,0.11865,0.59905
1.0,False,0.06,2,0.5039942537498406,0.806546650940914,0.3025523971910734,0.765,0.7241576175176635,0.12165,0.58005
1.0,False,0.06,3,0.4890296296058673,0.7973695609283139,0.3083399313224466,0.78,0.7244152291614845,0.12255,0.58055
1.0,False,0.06,4,0.5382270372131428,0.8469330176581059,0.3087059804449631,0.835,0.7714040123694811,0.11915,0.5932
1.0,False,0.06,5,0.5029302632833011,0.8076956134799154,0.3047653501966142,0.79,0.7345420377670723,0.12405,0.5752
1.0,False,0.06,6,0.5186356672752157,0.8395381838339949,0.3209025165587792,0.815,0.7726665334884177,0.12065,0.5896
1.0,False,0.06,7,0.513637667411623,0.8078225642847617,0.29418489687313876,0.785,0.7193568697808064,0.1199,0.58645
1.0,False,0.06,8,0.5087707013838418,0.8422442095306133,0.33347350814677146,0.805,0.7674950023647645,0.1174,0.58845
1.0,False,0.06,9,0.5037796340055101,0.8140055746966128,0.31022594069110276,0.785,0.7397923292457294,0.1197,0.59205
1.0,False,0.06,10,0.4783554051954107,0.7903179486012842,0.31196254340587354,0.765,0.7126660490147496,0.1193,0.57515
1.0,False,0.06,11,0.5245057294818782,0.8365961139846216,0.3120903845027434,0.81,0.765172493288595,0.12135,0.5904
1.0,False,0.06,12,0.5092713362654364,0.8271997478244938,0.3179284115590574,0.8,0.7485330897322345,0.11985,0.58335
1.0,False,0.06,13,0.525746492476239,0.824908561301394,0.29916206882515506,0.8,0.7392821978554173,0.12185,0.58685
1.0,False,0.06,14,0.49961878918402114,0.790891444088926,0.29127265490490484,0.755,0.7032004033269164,0.12125,0.57945
1.0,False,0.06,15,0.49128662390873923,0.822974341420766,0.33168771751202675,0.815,0.7317243927879301,0.12235,0.58245
1.0,False,0.06,16,0.5398227235682644,0.8580568433658391,0.31823411979757465,0.855,0.78716916451851,0.11625,0.5978
1.0,False,0.06,17,0.501087792958863,0.8091941006816866,0.30810630772282366,0.78,0.7354615715618723,0.1212,0.588
1.0,False,0.06,18,0.5282595433746189,0.8625274359789417,0.33426789260432277,0.865,0.8034261587328194,0.1199,0.5978
1.0,False,0.06,19,0.4817971947725576,0.8156868170676294,0.33388962229507174,0.79,0.736127815561089,0.1213,0.57425
1.0,False,0.06,20,0.527119700541352,0.8144185982542615,0.2872988977129095,0.78,0.7305548038277805,0.1211,0.59385
0.2,False,0.12,1,0.5380338813570394,0.5358984854197422,-0.0021353959372972797,0.28,0.362179906613344,0.0009,0.861
0.2,False,0.12,2,0.5039942537498406,0.49943261188695204,-0.004561641862888599,0.27,0.3399795504413483,0.0005,0.8684
0.2,False,0.12,3,0.4890296296058673,0.5053986008812554,0.01636897127538811,0.275,0.34123538695802647,0.00045,0.8651
0.2,False,0.12,4,0.5382270372131428,0.5326439987286051,-0.005583038484537672,0.265,0.35862929301464563,0.0007,0.8569
0.2,False,0.12,5,0.5029302632833011,0.49383885783569775,-0.009091405447603396,0.25,0.3257853569836132,0.00115,0.85485
0.2,False,0.12,6,0.5186356672752157,0.5125168331423103,-0.006118834132905371,0.265,0.3527386750685594,0.00045,0.8612
0.2,False,0.12,7,0.513637667411623,0.49755204629280536,-0.016085621118817617,0.23,0.3202222917897536,0.00045,0.86345
0.2,False,0.12,8,0.5087707013838418,0.5070317690923664,-0.0017389322914754812,0.23,0.3296695132707022,0.0007,0.86335
0.2,False,0.12,9,0.5037796340055101,0.48844271183042826,-0.015336922175081813,0.27,0.32925831995659627,0.00045,0.8685
0.2,False,0.12,10,0.4783554051954107,0.4968552979894845,0.018499892794073824,0.26,0.3267008464875565,0.00085,0.86785
0.2,False,0.12,11,0.5245057294818782,0.5255773813944695,0.0010716519125912871,0.26,0.3546639025188709,0.0005,0.86465
0.2,False,0.12,12,0.5092713362654364,0.5123686504674316,0.003097314201995216,0.255,0.3460194107083135,0.0008,0.86155
0.2,False,0.12,13,0.525746492476239,0.5134548508451051,-0.012291641631133832,0.25,0.3312900422446123,0.0007,0.8594
0.2,False,0.12,14,0.49961878918402114,0.5042650548749397,0.004646265690918527,0.285,0.34062904983251185,0.00065,0.86155
0.2,False,0.12,15,0.49128662390873923,0.4950246234635138,0.0037379995547745515,0.225,0.3163724857231832,0.0007,0.85845
0.2,False,0.12,16,0.5398227235682644,0.5140063527671391,-0.02581637080112531,0.23,0.33475207837113474,0.00045,0.87245
0.2,False,0.12,17,0.501087792958863,0.4906831093677069,-0.010404683591156039,0.235,0.3181526913989684,0.00065,0.87175
0.2,False,0.12,18,0.5282595433746189,0.5048884898598416,-0.023371053514777307,0.245,0.33793610281650116,0.00035,0.8625
0.2,False,0.12,19,0.4817971947725576,0.4932017389454525,0.011404544172894882,0.235,0.32153866517332025,0.00065,0.85705
0.2,False,0.12,20,0.527119700541352,0.5268188449477073,-0.00030085559364478875,0.295,0.34969883120189565,0.0005,0.86065
0.4,False,0.12,1,0.5380338813570394,0.6459412658546446,0.10790738449760517,0.52,0.5156475052392505,0.02375,0.68765
0.4,False,0.12,2,0.5039942537498406,0.6292133902534209,0.1252191365035803,0.515,0.5027399370386363,0.0257,0.6856
0.4,False,0.12,3,0.4890296296058673,0.6054620304591696,0.11643240085330225,0.45,0.4644875552154386,0.0259,0.67705
0.4,False,0.12,4,0.5382270372131428,0.6533628757730751,0.11513583855993226,0.53,0.5216996458379564,0.02495,0.69845
0.4,False,0.12,5,0.5029302632833011,0.6152678682050469,0.11233760492174572,0.47,0.47991230690934134,0.0262,0.6738
0.4,False,0.12,6,0.5186356672752157,0.6570913575331693,0.13845569025795357,0.545,0.528070508005868,0.0263,0.69145
0.4,False,0.12,7,0.513637667411623,0.6269460100647533,0.11330834265313028,0.52,0.4852828352486454,0.0246,0.68455
0.4,False,0.12,8,0.5087707013838418,0.6338598789769868,0.12508917759314497,0.49,0.4981883702754354,0.0252,0.68015
0.4,False,0.12,9,0.5037796340055101,0.592412195176938,0.08863256117142793,0.47,0.4587709802748556,0.02465,0.6917
0.4,False,0.12,10,0.4783554051954107,0.5829363169223925,0.10458091172698175,0.46,0.4464268055599029,0.0241,0.6837
0.4,False,0.12,11,0.5245057294818782,0.6292706825130545,0.10476495303117628,0.535,0.5034831735719298,0.02645,0.69535
0.4,False,0.12,12,0.5092713362654364,0.6217340957037721,0.11246275943833572,0.46,0.4770605757009782,0.02405,0.68045
0.4,False,0.12,13,0.525746492476239,0.6486041898169773,0.12285769734073837,0.53,0.5021365018912854,0.0243,0.68585
0.4,False,0.12,14,0.49961878918402114,0.5984971334355351,0.09887834425151398,0.46,0.45809271273665864,0.02615,0.6754
0.4,False,0.12,15,0.49128662390873923,0.6105395661805008,0.11925294227176153,0.485,0.4715213527693901,0.0248,0.67535
0.4,False,0.12,16,0.5398227235682644,0.6367979478267446,0.09697522425848015,0.5,0.4988685426516885,0.02155,0.69955
0.4,False,0.12,17,0.501087792958863,0.6028689388532216,0.1017811458943586,0.49,0.4713056244296075,0.02375,0.69235
0.4,False,0.12,18,0.5282595433746189,0.6512250724672356,0.12296552909261671,0.53,0.5277225925155408,0.02285,0.6894
0.4,False,0.12,19,0.4817971947725576,0.5982315841129361,0.11643438934037847,0.435,0.4562139591906093,0.0246,0.68055
0.4,False,0.12,20,0.527119700541352,0.6518814674961092,0.12476176695475716,0.52,0.5135363774576545,0.0259,0.68485
0.6,False,0.12,1,0.5380338813570394,0.821781574182593,0.28374769282555357,0.825,0.7383005962465528,0.0581,0.6592
0.6,False,0.12,2,0.5039942537498406,0.8166292662353726,0.31263501248553194,0.785,0.7136014746040581,0.06235,0.64135
0.6,False,0.12,3,0.4890296296058673,0.7896798803729596,0.30065025076709223,0.76,0.6938264062910585,0.06205,0.6384
0.6,False,0.12,4,0.5382270372131428,0.8203609687182322,0.28213393150508936,0.815,0.7372955773907557,0.0602,0.6537
0.6,False,0.12,5,0.5029302632833011,0.7935976722892545,0.29066740900595334,0.76,0.6991844059011734,0.06285,0.6298
0.6,False,0.12,6,0.5186356672752157,0.8130769326309345,0.2944412653557188,0.785,0.7219452546853222,0.0618,0.6447
0.6,False,0.12,7,0.513637667411623,0.8225033308604922,0.30886566344886923,0.78,0.7179517153547402,0.05845,0.6479
0.6,False,0.12,8,0.5087707013838418,0.802745813604391,0.2939751122205492,0.775,0.7054014611089261,0.0598,0.63515
0.6,False,0.12,9,0.5037796340055101,0.7835745558527818,0.2797949218472717,0.745,0.6836793989617371,0.05935,0.64395
0.6,False,0.12,10,0.4783554051954107,0.7604026183456045,0.2820472131501938,0.69,0.655070064159315,0.06,0.6347
0.6,False,0.12,11,0.5245057294818782,0.7933900438294075,0.26888431434752924,0.74,0.6976087658402454,0.0608,0.63855
0.6,False,0.12,12,0.5092713362654364,0.8031195435370129,0.29384820727157646,0.785,0.7036636968437858,0.0606,0.6431
0.6,False,0.12,13,0.525746492476239,0.7912427739119526,0.2654962814357137,0.75,0.6829230493913018,0.0615,0.63915
0.6,False,0.12,14,0.49961878918402114,0.7632875956179974,0.2636688064339763,0.715,0.6617744187266904,0.06395,0.63455
0.6,False,0.12,15,0.49128662390873923,0.7740445259589152,0.2827579020501759,0.745,0.6708691106309895,0.06085,0.6394
0.6,False,0.12,16,0.5398227235682644,0.8155737710499941,0.2757510474817296,0.795,0.7212618634479326,0.057,0.6514
0.6,False,0.12,17,0.501087792958863,0.7803464781258347,0.2792586851669717,0.755,0.6845840092296512,0.05895,0.649
0.6,False,0.12,18,0.5282595433746189,0.8127123280401256,0.2844527846655067,0.775,0.719994466078218,0.0579,0.64625
0.6,False,0.12,19,0.4817971947725576,0.7858156165712217,0.30401842179866406,0.735,0.692395383771196,0.06135,0.63825
0.6,False,0.12,20,0.527119700541352,0.7873818530841266,0.2602621525427745,0.77,0.6858526049627998,0.06175,0.64205
0.85,False,0.12,1,0.5380338813570394,0.905889684037503,0.3678558026804636,0.93,0.8503299816841173,0.0974,0.63335
0.85,False,0.12,2,0.5039942537498406,0.9085086437762959,0.4045143900264553,0.945,0.8489774739023653,0.0986,0.6328
0.85,False,0.12,3,0.4890296296058673,0.8983056154403468,0.4092759858344795,0.905,0.8324694886636879,0.1015,0.62155
0.85,False,0.12,4,0.5382270372131428,0.8938710843836847,0.3556440471705419,0.92,0.8364771393335205,0.09975,0.6287
0.85,False,0.12,5,0.5029302632833011,0.8940042307909166,0.39107396750761547,0.915,0.836018133206593,0.1007,0.61865
0.85,False,0.12,6,0.5186356672752157,0.9116571682649698,0.3930215009897541,0.935,0.8602922800483879,0.09925,0.63555
0.85,False,0.12,7,0.513637667411623,0.9112560873423987,0.39761841993077573,0.94,0.8236558684580874,0.10235,0.63165
0.85,False,0.12,8,0.5087707013838418,0.9049835755241732,0.39621287414033135,0.92,0.8494034266409943,0.0994,0.63185
0.85,False,0.12,9,0.5037796340055101,0.9075465053797171,0.4037668713742071,0.92,0.8503987514515318,0.09755,0.63045
0.85,False,0.12,10,0.4783554051954107,0.8901489536062885,0.41179354841087784,0.915,0.8269150272215042,0.099,0.6339
0.85,False,0.12,11,0.5245057294818782,0.8983217363961219,0.37381600691424366,0.915,0.838216103475991,0.10155,0.6336
0.85,False,0.12,12,0.5092713362654364,0.8989113966366125,0.38964006037117604,0.915,0.8274352709374359,0.10345,0.62755
0.85,False,0.12,13,0.525746492476239,0.9077850670633362,0.3820385745870972,0.925,0.8336781581355391,0.1011,0.6318
0.85,False,0.12,14,0.49961878918402114,0.8707098146161352,0.37109102543211403,0.88,0.7948207656950222,0.10245,0.61935
0.85,False,0.12,15,0.49128662390873923,0.880722595753324,0.3894359718445848,0.89,0.809348296424937,0.1016,0.6267
0.85,False,0.12,16,0.5398227235682644,0.9156200194317647,0.3757972958635003,0.945,0.8562778576861554,0.09625,0.64585
0.85,False,0.12,17,0.501087792958863,0.9129041381985017,0.4118163452396387,0.935,0.8548211806103267,0.0962,0.6374
0.85,False,0.12,18,0.5282595433746189,0.9063058261850668,0.37804628281044794,0.94,0.8513776637107489,0.09645,0.63975
0.85,False,0.12,19,0.4817971947725576,0.9000955580500272,0.41829836327746955,0.895,0.8416913631767043,0.0997,0.62265
0.85,False,0.12,20,0.527119700541352,0.8889084905198069,0.36178878997845487,0.91,0.8150814526205252,0.09975,0.6346
1.0,False,0.12,1,0.5380338813570394,0.9331201971160761,0.39508631575903663,0.96,0.8855131234366636,0.11735,0.63235
1.0,False,0.12,2,0.5039942537498406,0.9290598212167162,0.4250655674668755,0.955,0.8841466754455521,0.11955,0.6299
1.0,False,0.12,3,0.4890296296058673,0.9047284061231824,0.41569877651731507,0.93,0.8491638415213097,0.11905,0.6234
1.0,False,0.12,4,0.5382270372131428,0.9382853786163907,0.4000583414032479,0.97,0.8917716616112605,0.11805,0.62835
1.0,False,0.12,5,0.5029302632833011,0.923742122183836,0.42081185890053485,0.955,0.8731369276222632,0.1202,0.61935
1.0,False,0.12,6,0.5186356672752157,0.9259357134837706,0.40730004620855487,0.955,0.8796323623342723,0.11765,0.6267
1.0,False,0.12,7,0.513637667411623,0.9390737996795389,0.4254361322679159,0.97,0.8667802432370917,0.119,0.62775
1.0,False,0.12,8,0.5087707013838418,0.9206820155109188,0.41191131412707693,0.95,0.8678015856229645,0.117,0.63135
1.0,False,0.12,9,0.5037796340055101,0.9152256182913453,0.41144598428583523,0.935,0.8655593211383884,0.1174,0.624
1.0,False,0.12,10,0.4783554051954107,0.9132717625393039,0.43491635734389317,0.94,0.8582344581366067,0.11735,0.61825
1.0,False,0.12,11,0.5245057294818782,0.9026503123555828,0.37814458287370456,0.92,0.8464491545933547,0.118,0.6209
1.0,False,0.12,12,0.5092713362654364,0.9228818688541952,0.4136105325887588,0.955,0.8748416033246208,0.11955,0.62515
1.0,False,0.12,13,0.525746492476239,0.9259331644263824,0.40018667195014346,0.955,0.8670655046955225,0.11675,0.63465
1.0,False,0.12,14,0.49961878918402114,0.919690171642047,0.4200713824580259,0.935,0.8639603777433916,0.1208,0.62785
1.0,False,0.12,15,0.49128662390873923,0.9209631150497324,0.42967649114099316,0.94,0.8518745251753838,0.11705,0.62505
1.0,False,0.12,16,0.5398227235682644,0.9319404770713953,0.39211775350313083,0.965,0.8755056988412161,0.1128,0.64215
1.0,False,0.12,17,0.501087792958863,0.9171436272804234,0.41605583432156046,0.945,0.8657336573869077,0.1162,0.6236
1.0,False,0.12,18,0.5282595433746189,0.93468835101062,0.4064288076360011,0.97,0.8886489653732691,0.1167,0.63775
1.0,False,0.12,19,0.4817971947725576,0.9367014562953356,0.454904261522778,0.97,0.8791807100774682,0.11665,0.62545
1.0,False,0.12,20,0.527119700541352,0.9145259532888198,0.38740625274746776,0.935,0.8492703751155045,0.12185,0.62435
0.2,True,0.0,1,0.5380338813570394,0.49593950851468094,-0.04209437284235851,0.205,0.30913299367332525,0.0002,0.95995
0.2,True,0.0,2,0.5039942537498406,0.45978414399734746,-0.044210109752493176,0.205,0.2865143898125514,0.0002,0.95865
0.2,True,0.0,3,0.4890296296058673,0.481211708636484,-0.00781792096938333,0.19,0.29770894845252543,0.00015,0.95955
0.2,True,0.0,4,0.5382270372131428,0.49867082205550584,-0.039556215157636965,0.205,0.31650581434907676,0.0002,0.9598
0.2,True,0.0,5,0.5029302632833011,0.4685056160679755,-0.03442464721532562,0.255,0.2976204482824993,0.00025,0.9557
0.2,True,0.0,6,0.5186356672752157,0.5024939442428732,-0.016141723032342514,0.25,0.3299577138691592,0.00035,0.96085
0.2,True,0.0,7,0.513637667411623,0.4827576946937549,-0.030879972717868076,0.24,0.29698555078693717,0.00025,0.96185
0.2,True,0.0,8,0.5087707013838418,0.5105950363916496,0.0018243350078077647,0.27,0.3277483340619242,0.00025,0.9596
0.2,True,0.0,9,0.5037796340055101,0.48041776296164945,-0.023361871043860616,0.21,0.3030082946331808,0.00025,0.96115
0.2,True,0.0,10,0.4783554051954107,0.45680591473547955,-0.021549490459931153,0.17,0.2723583388884678,0.0003,0.96005
0.2,True,0.0,11,0.5245057294818782,0.48363381541806033,-0.040871914063817905,0.205,0.30223597222495674,0.0002,0.96205
0.2,True,0.0,12,0.5092713362654364,0.5099742819495156,0.000702945684079137,0.22,0.32167245754653356,0.0003,0.9561
0.2,True,0.0,13,0.525746492476239,0.49468310991007125,-0.031063382566167697,0.26,0.3135335589954363,0.0001,0.95985
0.2,True,0.0,14,0.49961878918402114,0.46841658281959087,-0.031202206364430274,0.19,0.28978563777346283,0.0001,0.95835
0.2,True,0.0,15,0.49128662390873923,0.49274628998884906,0.0014596660801098338,0.21,0.31059873778902736,0.00015,0.9605
0.2,True,0.0,16,0.5398227235682644,0.4788691185096303,-0.06095360505863412,0.26,0.3021777261122764,0.0001,0.9629
0.2,True,0.0,17,0.501087792958863,0.4793769290106771,-0.021710863948185888,0.23,0.30693011187039654,0.0002,0.96185
0.2,True,0.0,18,0.5282595433746189,0.5155554635798018,-0.012704079794817136,0.21,0.3316013049291759,0.0003,0.9605
0.2,True,0.0,19,0.4817971947725576,0.4904942411571572,0.00869704638459956,0.24,0.31520791539647797,0.00025,0.96095
0.2,True,0.0,20,0.527119700541352,0.49829584232337043,-0.028823858217981613,0.235,0.3159543556504926,0.0002,0.96255
0.4,True,0.0,1,0.5380338813570394,0.5103858074141352,-0.02764807394290425,0.215,0.3272899999204938,0.0159,0.8064
0.4,True,0.0,2,0.5039942537498406,0.48236843771726584,-0.021625816032574796,0.225,0.29973367461151074,0.01655,0.8092
0.4,True,0.0,3,0.4890296296058673,0.47582436800976097,-0.013205261596106355,0.155,0.2891003397926831,0.01525,0.81085
0.4,True,0.0,4,0.5382270372131428,0.49915060455458565,-0.03907643265855715,0.215,0.3120416531516973,0.01555,0.8034
0.4,True,0.0,5,0.5029302632833011,0.4565016698785022,-0.046428593404798935,0.2,0.2836757157637304,0.01775,0.80105
0.4,True,0.0,6,0.5186356672752157,0.47867049225863695,-0.03996517501657876,0.22,0.30232477061976115,0.0156,0.8052
0.4,True,0.0,7,0.513637667411623,0.4856401462206314,-0.02799752119099158,0.205,0.3018939365662915,0.01665,0.81005
0.4,True,0.0,8,0.5087707013838418,0.5131889700444288,0.0044182686605869215,0.23,0.33393732878860055,0.0165,0.80975
0.4,True,0.0,9,0.5037796340055101,0.4513951113617013,-0.05238452264380877,0.175,0.2753608860586086,0.01565,0.81745
0.4,True,0.0,10,0.4783554051954107,0.45351733887340023,-0.024838066322010466,0.15,0.2720352076259501,0.016,0.80535
0.4,True,0.0,11,0.5245057294818782,0.49511085167682395,-0.029394877805054287,0.21,0.3113226660002389,0.0167,0.80705
0.4,True,0.0,12,0.5092713362654364,0.4903935037130811,-0.01887783255235531,0.175,0.30162146172586846,0.0167,0.79955
0.4,True,0.0,13,0.525746492476239,0.5161695756127888,-0.009576916863450191,0.23,0.3265439264221486,0.01625,0.8103
0.4,True,0.0,14,0.49961878918402114,0.5005090789140493,0.0008902897300281376,0.27,0.32588722517723795,0.01655,0.8083
0.4,True,0.0,15,0.49128662390873923,0.4794502461736208,-0.01183637773511842,0.195,0.2926580307456198,0.01555,0.80295
0.4,True,0.0,16,0.5398227235682644,0.4781860660323445,-0.06163665753591996,0.175,0.29108743323565933,0.0159,0.81865
0.4,True,0.0,17,0.501087792958863,0.4881457232648917,-0.01294206969397127,0.195,0.3029994874401021,0.0161,0.81805
0.4,True,0.0,18,0.5282595433746189,0.5292689660180504,0.0010094226434315123,0.24,0.34047852296801595,0.01545,0.81015
0.4,True,0.0,19,0.4817971947725576,0.46821961836252174,-0.013577576410035874,0.2,0.28933225923548894,0.01655,0.8118
0.4,True,0.0,20,0.527119700541352,0.5022315228865386,-0.024888177654813437,0.23,0.31427214871510856,0.0172,0.8133
0.6,True,0.0,1,0.5380338813570394,0.5233197168978556,-0.014714164459183832,0.245,0.3433597409321321,0.0502,0.6681
0.6,True,0.0,2,0.5039942537498406,0.5235240894981489,0.019529835748308244,0.3,0.3448065761897714,0.05045,0.6779
0.6,True,0.0,3,0.4890296296058673,0.4782432214634377,-0.010786408142429649,0.23,0.30471477383802026,0.05195,0.668
0.6,True,0.0,4,0.5382270372131428,0.5287273215855025,-0.009499715627640293,0.225,0.3399149488436582,0.0518,0.67645
0.6,True,0.0,5,0.5029302632833011,0.4951103611065251,-0.007819902176776028,0.25,0.31657327654243106,0.0537,0.6566
0.6,True,0.0,6,0.5186356672752157,0.5218997355520899,0.003264068276874199,0.24,0.34580709994969033,0.05095,0.6721
0.6,True,0.0,7,0.513637667411623,0.5160618061593051,0.002424138747682103,0.27,0.3296222364289308,0.0516,0.6808
0.6,True,0.0,8,0.5087707013838418,0.51378653008681,0.005015828702968128,0.29,0.34040987212622137,0.0499,0.66995
0.6,True,0.0,9,0.5037796340055101,0.49717065269703964,-0.00660898130847043,0.26,0.32665771031506863,0.04795,0.69165
0.6,True,0.0,10,0.4783554051954107,0.48644772568869266,0.008092320493281957,0.215,0.3099483328330873,0.05015,0.66625
0.6,True,0.0,11,0.5245057294818782,0.5169015055015366,-0.007604223980341662,0.26,0.3455561775859437,0.0527,0.67155
0.6,True,0.0,12,0.5092713362654364,0.49510380977875074,-0.014167526486685678,0.245,0.3217174120142877,0.05195,0.66495
0.6,True,0.0,13,0.525746492476239,0.5051766249764043,-0.020569867499834693,0.24,0.32092152899487886,0.051,0.67705
0.6,True,0.0,14,0.49961878918402114,0.49573174120666813,-0.0038870479773530087,0.28,0.32446630535390375,0.0513,0.66735
0.6,True,0.0,15,0.49128662390873923,0.4955232829930097,0.0042366590842704555,0.25,0.3150891541695778,0.05045,0.6676
0.6,True,0.0,16,0.5398227235682644,0.535017017363918,-0.004805706204346394,0.235,0.34088641028089667,0.0482,0.6894
0.6,True,0.0,17,0.501087792958863,0.503642031374536,0.002554238415673038,0.26,0.3301110693866589,0.05025,0.6782
0.6,True,0.0,18,0.5282595433746189,0.5058560268466474,-0.022403516527971457,0.23,0.3303435393133674,0.0496,0.66995
0.6,True,0.0,19,0.4817971947725576,0.5013106802700458,0.01951348549748816,0.215,0.3150964672578918,0.052,0.66175
0.6,True,0.0,20,0.527119700541352,0.5332654669853801,0.006145766444028089,0.3,0.35546358158500874,0.05125,0.6783
0.85,True,0.0,1,0.5380338813570394,0.5315971673731085,-0.006436713983930975,0.28,0.35186118787151616,0.0927,0.54025
0.85,True,0.0,2,0.5039942537498406,0.5093526226129617,0.005358368863121021,0.28,0.33970656977445807,0.09715,0.54265
0.85,True,0.0,3,0.4890296296058673,0.4901609063982142,0.0011312767923468692,0.23,0.3175784263877307,0.09905,0.5315
0.85,True,0.0,4,0.5382270372131428,0.5240780319569724,-0.014149005256170355,0.27,0.3415053575695499,0.10195,0.53085
0.85,True,0.0,5,0.5029302632833011,0.49550066064719983,-0.007429602636101318,0.27,0.32329636405239237,0.09965,0.5407
0.85,True,0.0,6,0.5186356672752157,0.5258726701390488,0.0072370028638331085,0.31,0.3577486359983868,0.0995,0.5338
0.85,True,0.0,7,0.513637667411623,0.5147956242247307,0.0011579568131077078,0.315,0.33627975279840866,0.09445,0.5539
0.85,True,0.0,8,0.5087707013838418,0.5171128150455444,0.008342113661702566,0.26,0.3385107866082249,0.0984,0.5237
0.85,True,0.0,9,0.5037796340055101,0.4957030689593923,-0.008076565046117756,0.285,0.3329052998920594,0.09375,0.5736
0.85,True,0.0,10,0.4783554051954107,0.48842686113091316,0.01007145593550246,0.25,0.3130749851286623,0.098,0.5384
0.85,True,0.0,11,0.5245057294818782,0.5231102544794523,-0.0013954750024259832,0.315,0.3546145984598341,0.0989,0.5406
0.85,True,0.0,12,0.5092713362654364,0.5031704519199145,-0.0061008843455219175,0.27,0.33090258193762634,0.0992,0.53715
0.85,True,0.0,13,0.525746492476239,0.5156245428908021,-0.010121949585436885,0.265,0.3360567027119153,0.09505,0.5579
0.85,True,0.0,14,0.49961878918402114,0.500325606213934,0.0007068170299128207,0.3,0.3348578324475346,0.0996,0.547
0.85,True,0.0,15,0.49128662390873923,0.4965896291685397,0.005303005259800486,0.265,0.313070288516506,0.09685,0.54045
0.85,True,0.0,16,0.5398227235682644,0.5283703636125798,-0.01145235995568461,0.265,0.3487187512249676,0.09355,0.5631
0.85,True,0.0,17,0.501087792958863,0.5137555922712881,0.012667799312425121,0.255,0.3391048994740272,0.09475,0.5522
0.85,True,0.0,18,0.5282595433746189,0.5445744362142755,0.016314892839656592,0.25,0.3626835317454998,0.0929,0.54305
0.85,True,0.0,19,0.4817971947725576,0.4615749555309657,-0.02022223924159189,0.195,0.2797618776856316,0.1012,0.5352
0.85,True,0.0,20,0.527119700541352,0.528813234089062,0.0016935335477099578,0.31,0.35606445945781706,0.09675,0.54925
1.0,True,0.0,1,0.5380338813570394,0.5304660776692998,-0.007567803687739683,0.295,0.3551214936409792,0.12235,0.4792
1.0,True,0.0,2,0.5039942537498406,0.5068122611592915,0.002818007409450818,0.28,0.3386514449733353,0.1238,0.48965
1.0,True,0.0,3,0.4890296296058673,0.5208641386576544,0.03183450905178703,0.31,0.34768911982387607,0.1243,0.4875
1.0,True,0.0,4,0.5382270372131428,0.5419245156091012,0.0036974783959583535,0.325,0.3645009872074205,0.12135,0.49575
1.0,True,0.0,5,0.5029302632833011,0.4984360524780743,-0.004494210805226828,0.26,0.32058436629407405,0.1315,0.4832
1.0,True,0.0,6,0.5186356672752157,0.532693079444051,0.01405741216883527,0.33,0.36666771896997197,0.12185,0.48875
1.0,True,0.0,7,0.513637667411623,0.5206812256451039,0.007043558233480907,0.31,0.3451840246792702,0.1251,0.49705
1.0,True,0.0,8,0.5087707013838418,0.5108146337896458,0.0020439324058039166,0.26,0.3335395592614712,0.12405,0.47615
1.0,True,0.0,9,0.5037796340055101,0.5039910619197531,0.0002114279142430009,0.305,0.3391528139441322,0.12045,0.5129
1.0,True,0.0,10,0.4783554051954107,0.474977125719369,-0.00337827947604169,0.24,0.3041745874051525,0.12465,0.4759
1.0,True,0.0,11,0.5245057294818782,0.5290847728833414,0.004579043401463201,0.345,0.3622667060500072,0.12325,0.4843
1.0,True,0.0,12,0.5092713362654364,0.5062021796488922,-0.0030691566165441664,0.275,0.33413381450509944,0.12235,0.48035
1.0,True,0.0,13,0.525746492476239,0.5128438320481343,-0.012902660428104618,0.285,0.33114832974426195,0.12315,0.48895
1.0,True,0.0,14,0.49961878918402114,0.49627974967821714,-0.003339039505803998,0.305,0.33109970131615796,0.1266,0.48605
1.0,True,0.0,15,0.49128662390873923,0.4998787280666097,0.008592104157870484,0.235,0.3187522706744439,0.12875,0.464
1.0,True,0.0,16,0.5398227235682644,0.5211676552434051,-0.018655068324859303,0.27,0.3444991355162081,0.11685,0.5129
1.0,True,0.0,17,0.501087792958863,0.5107942774211638,0.009706484462300824,0.28,0.34669485276151774,0.1217,0.4979
1.0,True,0.0,18,0.5282595433746189,0.5266818779481022,-0.0015776654265167167,0.245,0.35031844662130124,0.1189,0.48645
1.0,True,0.0,19,0.4817971947725576,0.4821369480827798,0.00033975331022217947,0.265,0.3086469026264025,0.12575,0.4742
1.0,True,0.0,20,0.527119700541352,0.5382914904014303,0.011171789860078274,0.325,0.36146666192950294,0.12405,0.49855
0.2,True,0.03,1,0.5380338813570394,0.522921782676148,-0.015112098680891473,0.25,0.3413955513957045,0.00025,0.9608
0.2,True,0.03,2,0.5039942537498406,0.45031395688411485,-0.053680296865725785,0.155,0.26943250719880424,5e-05,0.9602
0.2,True,0.03,3,0.4890296296058673,0.5084854004705455,0.019455770864678146,0.22,0.32054207378339766,0.0001,0.96275
0.2,True,0.03,4,0.5382270372131428,0.5024054447520869,-0.03582159246105587,0.25,0.3204988139706056,0.0002,0.96135
0.2,True,0.03,5,0.5029302632833011,0.4768293986954625,-0.026100864587838668,0.215,0.3060681222252569,0.00025,0.9582
0.2,True,0.03,6,0.5186356672752157,0.5075666210530738,-0.011069046222141887,0.235,0.32716439898021393,0.0001,0.9615
0.2,True,0.03,7,0.513637667411623,0.48994947424608526,-0.02368819316553772,0.265,0.3186561428253297,0.0001,0.9617
0.2,True,0.03,8,0.5087707013838418,0.5012098933601421,-0.007560808023699739,0.23,0.31921024659205277,0.00015,0.9619
0.2,True,0.03,9,0.5037796340055101,0.4763457817009933,-0.02743385230451678,0.225,0.3003318530189174,0.0001,0.9634
0.2,True,0.03,10,0.4783554051954107,0.4745107455236759,-0.003844659671734807,0.205,0.295262402491162,0.00015,0.9597
0.2,True,0.03,11,0.5245057294818782,0.5059946515960027,-0.018511077885875582,0.22,0.32413160974776994,0.00015,0.9623
0.2,True,0.03,12,0.5092713362654364,0.4821970273801412,-0.027074308885295217,0.265,0.30783343233998517,0.00025,0.95955
0.2,True,0.03,13,0.525746492476239,0.5089172178611744,-0.01682927461506456,0.285,0.3311738282016244,0.00015,0.96055
0.2,True,0.03,14,0.49961878918402114,0.4808476381298293,-0.01877115105419186,0.265,0.3040358543037035,0.0003,0.96095
0.2,True,0.03,15,0.49128662390873923,0.4721188788216232,-0.01916774508711605,0.225,0.29469163584688063,0.0004,0.95745
0.2,True,0.03,16,0.5398227235682644,0.5091290516406417,-0.030693671927622734,0.225,0.3281056885661958,0.0001,0.9636
0.2,True,0.03,17,0.501087792958863,0.49889042285703367,-0.002197370101829299,0.24,0.32037280052463385,5e-05,0.95775
0.2,True,0.03,18,0.5282595433746189,0.4880675791397444,-0.04019196423487448,0.195,0.30704864402226273,0.00015,0.9623
0.2,True,0.03,19,0.4817971947725576,0.4779147109272675,-0.003882483845290108,0.245,0.30272853231990093,0.0004,0.9607
0.2,True,0.03,20,0.527119700541352,0.5332017199053543,0.006082019364002211,0.295,0.35798051289775423,0.00015,0.96245
0.4,True,0.03,1,0.5380338813570394,0.5225179807257747,-0.015515900631264734,0.195,0.3378440006439148,0.016,0.8178
0.4,True,0.03,2,0.5039942537498406,0.4945196305444464,-0.009474623205394217,0.2,0.3171174223691965,0.0173,0.81875
0.4,True,0.03,3,0.4890296296058673,0.4801471714769997,-0.00888245812886762,0.225,0.30280436244600284,0.01665,0.8034
0.4,True,0.03,4,0.5382270372131428,0.522336814453664,-0.015890222759478823,0.255,0.33602572936300396,0.01495,0.81115
0.4,True,0.03,5,0.5029302632833011,0.47825488639802727,-0.02467537688527388,0.215,0.29868119733185655,0.01835,0.8016
0.4,True,0.03,6,0.5186356672752157,0.48963764737042337,-0.028998019904792338,0.22,0.3074954285335552,0.0167,0.8129
0.4,True,0.03,7,0.513637667411623,0.5092550438921144,-0.004382623519508577,0.255,0.3253229350174836,0.01605,0.8138
0.4,True,0.03,8,0.5087707013838418,0.5115128585012179,0.0027421571173760206,0.27,0.3278795421336541,0.01745,0.80545
0.4,True,0.03,9,0.5037796340055101,0.47859860797118975,-0.02518102603432032,0.235,0.3077572813269595,0.01575,0.8144
0.4,True,0.03,10,0.4783554051954107,0.4465954793758915,-0.0317599258195192,0.17,0.2706664384897001,0.0161,0.80695
0.4,True,0.03,11,0.5245057294818782,0.5011855287537894,-0.023320200728088825,0.225,0.3190534888994997,0.01695,0.80915
0.4,True,0.03,12,0.5092713362654364,0.49376818245404275,-0.015503153811393666,0.22,0.311532195030556,0.01635,0.80425
0.4,True,0.03,13,0.525746492476239,0.5082362795105113,-0.017510212965727634,0.245,0.32094344973339767,0.01635,0.8099
0.4,True,0.03,14,0.49961878918402114,0.4880881280322207,-0.011530661151800459,0.22,0.30482931208049446,0.0173,0.80595
0.4,True,0.03,15,0.49128662390873923,0.4841137271472021,-0.007172896761537151,0.275,0.308923170548393,0.0163,0.8042
0.4,True,0.03,16,0.5398227235682644,0.4807332160809743,-0.05908950748729014,0.21,0.29860087861952633,0.01575,0.81455
0.4,True,0.03,17,0.501087792958863,0.5011828514594534,9.505850059043919e-05,0.22,0.3174678702538028,0.01625,0.8157
0.4,True,0.03,18,0.5282595433746189,0.5144615727258278,-0.01379797064879107,0.245,0.33543252178969946,0.0145,0.81245
0.4,True,0.03,19,0.4817971947725576,0.4846590360850115,0.002861841312453872,0.19,0.29698416027675983,0.0157,0.80425
0.4,True,0.03,20,0.527119700541352,0.508258626002558,-0.018861074538794043,0.245,0.32467295742401686,0.017,0.814
0.6,True,0.03,1,0.5380338813570394,0.5633889042029125,0.0253550228458731,0.39,0.3983036568367617,0.0506,0.69365
0.6,True,0.03,2,0.5039942537498406,0.5500344439641066,0.046040190214265975,0.355,0.38198988228748765,0.0516,0.6923
0.6,True,0.03,3,0.4890296296058673,0.5299366751962917,0.04090704559042441,0.285,0.3525439268124032,0.05095,0.68225
0.6,True,0.03,4,0.5382270372131428,0.5621445988805711,0.02391756166742831,0.315,0.38787639944750824,0.05015,0.68635
0.6,True,0.03,5,0.5029302632833011,0.5526967343165268,0.04976647103322562,0.32,0.37901737421464793,0.0542,0.6683
0.6,True,0.03,6,0.5186356672752157,0.5573588652361607,0.03872319796094503,0.415,0.40258824084145783,0.05275,0.68945
0.6,True,0.03,7,0.513637667411623,0.5397500016163095,0.026112334204686505,0.33,0.3700885750490949,0.04985,0.6889
0.6,True,0.03,8,0.5087707013838418,0.5760054901858623,0.0672347888020205,0.375,0.4051574377988797,0.0515,0.6874
0.6,True,0.03,9,0.5037796340055101,0.5468611157006218,0.04308148169511172,0.335,0.3812005292521182,0.04695,0.6991
0.6,True,0.03,10,0.4783554051954107,0.5381350154263008,0.05977961023089012,0.275,0.36323594305043744,0.0514,0.67575
0.6,True,0.03,11,0.5245057294818782,0.5616036169081028,0.03709788742622455,0.375,0.39630053994062964,0.05145,0.6874
0.6,True,0.03,12,0.5092713362654364,0.5636572790679195,0.0543859428024831,0.385,0.39375476641570745,0.05165,0.6855
0.6,True,0.03,13,0.525746492476239,0.5514103272915127,0.02566383481527379,0.31,0.3694994674455326,0.0502,0.69055
0.6,True,0.03,14,0.49961878918402114,0.5339639221542822,0.034345132970261094,0.3,0.3527775005570545,0.053,0.6838
0.6,True,0.03,15,0.49128662390873923,0.5596191363383245,0.06833251242958527,0.335,0.37448572042198386,0.0501,0.68435
0.6,True,0.03,16,0.5398227235682644,0.5826865987162947,0.04286387514803025,0.305,0.4035259427526958,0.04535,0.6942
0.6,True,0.03,17,0.501087792958863,0.5560874530160151,0.05499966005715218,0.385,0.39038601945971024,0.05115,0.69355
0.6,True,0.03,18,0.5282595433746189,0.5878862230016348,0.059626679627015955,0.39,0.42181036849087944,0.04935,0.6902
0.6,True,0.03,19,0.4817971947725576,0.5225535419173283,0.040756347144770666,0.29,0.3497995379749208,0.0503,0.68485
0.6,True,0.03,20,0.527119700541352,0.5590201450519299,0.03190044451057783,0.335,0.381894392398214,0.0514,0.69765
0.85,True,0.03,1,0.5380338813570394,0.6368261563962563,0.09879227503921684,0.46,0.4805808357480194,0.09285,0.6043
0.85,True,0.03,2,0.5039942537498406,0.619030406183456,0.11503615243361531,0.47,0.46700263670158987,0.09695,0.5955
0.85,True,0.03,3,0.4890296296058673,0.6105459465283845,0.12151631692251713,0.445,0.451613202037183,0.099,0.5744
0.85,True,0.03,4,0.5382270372131428,0.641026146706609,0.10279910949346616,0.515,0.48915002626080034,0.0963,0.5929
0.85,True,0.03,5,0.5029302632833011,0.6293543620347033,0.12642409875140215,0.505,0.4738834936396671,0.09805,0.57765
0.85,True,0.03,6,0.5186356672752157,0.6463257709266077,0.127690103651392,0.52,0.49704590635932777,0.0935,0.60445
0.85,True,0.03,7,0.513637667411623,0.6053850867703063,0.09174741935868336,0.45,0.4391517089820768,0.09555,0.59155
0.85,True,0.03,8,0.5087707013838418,0.6313170972597092,0.12254639587586735,0.47,0.4778162694648141,0.0952,0.591
0.85,True,0.03,9,0.5037796340055101,0.6043872311199765,0.10060759711446643,0.44,0.44400694924744116,0.09495,0.601
0.85,True,0.03,10,0.4783554051954107,0.5890372332278574,0.1106818280324467,0.425,0.43038008736156025,0.0967,0.5695
0.85,True,0.03,11,0.5245057294818782,0.6300757993726291,0.1055700698907509,0.465,0.4755949528399002,0.0982,0.5952
0.85,True,0.03,12,0.5092713362654364,0.6360886212532421,0.12681728498780565,0.505,0.47710768184224395,0.0981,0.5974
0.85,True,0.03,13,0.525746492476239,0.625831048980846,0.10008455650460701,0.515,0.4685008808525488,0.0963,0.59705
0.85,True,0.03,14,0.49961878918402114,0.609860367404638,0.11024157822061686,0.47,0.44851519730986394,0.09835,0.589
0.85,True,0.03,15,0.49128662390873923,0.6187468243754782,0.127460200466739,0.505,0.45636833181885206,0.0978,0.5842
0.85,True,0.03,16,0.5398227235682644,0.6396093406326127,0.09978661706434822,0.495,0.4837006073862738,0.09165,0.5966
0.85,True,0.03,17,0.501087792958863,0.6160942977899234,0.11500650483106045,0.465,0.4621455892468098,0.09615,0.6015
0.85,True,0.03,18,0.5282595433746189,0.6652119234560476,0.13695238008142874,0.525,0.5172977377497238,0.09145,0.60685
0.85,True,0.03,19,0.4817971947725576,0.6095020334032387,0.1277048386306811,0.46,0.45038316951447327,0.0982,0.5781
0.85,True,0.03,20,0.527119700541352,0.6218362931443508,0.0947165926029988,0.465,0.4638253446513698,0.09485,0.60375
1.0,True,0.03,1,0.5380338813570394,0.6849269405238637,0.14689305916682427,0.605,0.5495868037055592,0.1161,0.5707
1.0,True,0.03,2,0.5039942537498406,0.6412036148326566,0.137209361082816,0.545,0.4928198543611634,0.119,0.56065
1.0,True,0.03,3,0.4890296296058673,0.6555280358238305,0.16649840621796314,0.54,0.5039902910655638,0.11985,0.54505
1.0,True,0.03,4,0.5382270372131428,0.6726692102630872,0.13444217304994444,0.555,0.5257035262436972,0.11805,0.56125
1.0,True,0.03,5,0.5029302632833011,0.6466155140155658,0.14368525073226468,0.52,0.502698120910416,0.12295,0.54355
1.0,True,0.03,6,0.5186356672752157,0.6886392496923947,0.17000358241717894,0.615,0.5466941426354067,0.11745,0.5662
1.0,True,0.03,7,0.513637667411623,0.6456498935900177,0.1320122261783947,0.535,0.49160728286509725,0.1176,0.56345
1.0,True,0.03,8,0.5087707013838418,0.6749896599410329,0.16621895855719104,0.565,0.5303910160429992,0.118,0.55725
1.0,True,0.03,9,0.5037796340055101,0.6485648663812225,0.1447852323757124,0.57,0.5029979068335152,0.1171,0.5647
1.0,True,0.03,10,0.4783554051954107,0.6117612516612484,0.1334058464658377,0.46,0.4672734598961842,0.11925,0.54865
1.0,True,0.03,11,0.5245057294818782,0.6646644178310801,0.14015868834920187,0.55,0.5188060682824341,0.12205,0.56035
1.0,True,0.03,12,0.5092713362654364,0.6641774135716662,0.15490607730622974,0.57,0.5182479467203275,0.1184,0.5533
1.0,True,0.03,13,0.525746492476239,0.6725528035101721,0.14680631103393316,0.555,0.5210375893505905,0.11995,0.5609
1.0,True,0.03,14,0.49961878918402114,0.6375434816374888,0.1379246924534676,0.545,0.4958179871903364,0.12335,0.5387
1.0,True,0.03,15,0.49128662390873923,0.6391088658494577,0.14782224194071847,0.54,0.49072811403822053,0.1188,0.54465
1.0,True,0.03,16,0.5398227235682644,0.6862082270637196,0.1463855034954552,0.555,0.5352453722771225,0.11305,0.577
1.0,True,0.03,17,0.501087792958863,0.6323928752336618,0.13130508227479887,0.52,0.4904864133138209,0.1178,0.5591
1.0,True,0.03,18,0.5282595433746189,0.6968245409591183,0.1685649975844994,0.605,0.5543964148746184,0.1147,0.57435
1.0,True,0.03,19,0.4817971947725576,0.6521748803401922,0.1703776855676346,0.48,0.4970925297125943,0.11975,0.5466
1.0,True,0.03,20,0.527119700541352,0.6589992124226185,0.13187951188126645,0.565,0.511177929476525,0.11705,0.57335
0.2,True,0.06,1,0.5380338813570394,0.5189616384202415,-0.01907224293679799,0.25,0.33740135631515317,0.00015,0.9617
0.2,True,0.06,2,0.5039942537498406,0.4732769895701064,-0.03071726417973425,0.2,0.29679461427465254,0.0002,0.9609
0.2,True,0.06,3,0.4890296296058673,0.47576510456566967,-0.01326452504019765,0.215,0.29985901529257575,0.0001,0.95985
0.2,True,0.06,4,0.5382270372131428,0.5024935220889524,-0.03573351512419043,0.18,0.31316230641062254,0.00015,0.96015
0.2,True,0.06,5,0.5029302632833011,0.48617560786408326,-0.01675465541921789,0.19,0.30430830960371985,0.00025,0.9565
0.2,True,0.06,6,0.5186356672752157,0.49730682724796876,-0.021328840027246943,0.22,0.3201012641357665,0.0004,0.96225
0.2,True,0.06,7,0.513637667411623,0.4933279793050862,-0.020309688106536772,0.24,0.31164121157148117,0.0001,0.9643
0.2,True,0.06,8,0.5087707013838418,0.4746759314985581,-0.03409476988528376,0.225,0.29795922028989635,0.0003,0.9602
0.2,True,0.06,9,0.5037796340055101,0.49271735480747564,-0.01106227919803443,0.215,0.30944960710230024,0.00015,0.9647
0.2,True,0.06,10,0.4783554051954107,0.4828675278820647,0.004512122686654019,0.23,0.3045816930626566,0.00015,0.96015
0.2,True,0.06,11,0.5245057294818782,0.48623597692762915,-0.03826975255424908,0.19,0.3039853690080974,0.0002,0.96015
0.2,True,0.06,12,0.5092713362654364,0.48492997491057904,-0.02434136135485737,0.19,0.29833622562917106,0.00015,0.95425
0.2,True,0.06,13,0.525746492476239,0.5083357784703737,-0.017410714005865247,0.25,0.32226719610899396,0.0003,0.9609
0.2,True,0.06,14,0.49961878918402114,0.4524197470157457,-0.04719904216827542,0.15,0.2675136383711773,0.00025,0.957
0.2,True,0.06,15,0.49128662390873923,0.46624150093037053,-0.025045122978368695,0.19,0.2911924250042439,0.00025,0.9581
0.2,True,0.06,16,0.5398227235682644,0.5196291462299125,-0.02019357733835192,0.24,0.32936269847858396,0.00035,0.96265
0.2,True,0.06,17,0.501087792958863,0.5018146417255174,0.0007268487666544088,0.215,0.3224602959235472,0.00015,0.9593
0.2,True,0.06,18,0.5282595433746189,0.47518740738929977,-0.053072135985319124,0.195,0.29456146816378365,0.0002,0.962
0.2,True,0.06,19,0.4817971947725576,0.4610436406340595,-0.02075355413849811,0.17,0.26981032186569887,0.0,0.96165
0.2,True,0.06,20,0.527119700541352,0.48611757998036503,-0.04100212056098701,0.2,0.30722005118139717,0.00025,0.95965
0.4,True,0.06,1,0.5380338813570394,0.5347174381542621,-0.0033164432027773527,0.235,0.34429833558616063,0.0153,0.8166
0.4,True,0.06,2,0.5039942537498406,0.5089646528048605,0.004970399055019836,0.23,0.3283117856697155,0.01665,0.81525
0.4,True,0.06,3,0.4890296296058673,0.4982881112042319,0.009258481598364565,0.21,0.3133592806723212,0.0174,0.8092
0.4,True,0.06,4,0.5382270372131428,0.5138732755869654,-0.024353761626177417,0.215,0.3285029624889125,0.0166,0.82245
0.4,True,0.06,5,0.5029302632833011,0.49437187812046185,-0.0085583851628393,0.205,0.316843279988583,0.01915,0.80815
0.4,True,0.06,6,0.5186356672752157,0.5441226891653399,0.025487021890124195,0.28,0.3607228491018572,0.01775,0.81925
0.4,True,0.06,7,0.513637667411623,0.4940797537607555,-0.019557913650867453,0.23,0.308332722810134,0.01675,0.81675
0.4,True,0.06,8,0.5087707013838418,0.5280318360919662,0.019261134708124406,0.275,0.34657913319369654,0.0177,0.81345
0.4,True,0.06,9,0.5037796340055101,0.48282051578817337,-0.020959118217336703,0.23,0.31160868761595945,0.01485,0.8239
0.4,True,0.06,10,0.4783554051954107,0.4931631756587769,0.014807770463366177,0.2,0.3129717032707506,0.015,0.81155
0.4,True,0.06,11,0.5245057294818782,0.5139360061832892,-0.010569723298589073,0.26,0.33884416090149666,0.01695,0.8122
0.4,True,0.06,12,0.5092713362654364,0.5122275114688677,0.002956175203431277,0.205,0.32078747883286696,0.01745,0.8061
0.4,True,0.06,13,0.525746492476239,0.5192090076379079,-0.0065374848383310535,0.26,0.3326546944051372,0.0165,0.8171
0.4,True,0.06,14,0.49961878918402114,0.5180865321734056,0.018467742989384472,0.235,0.3356024382085,0.01795,0.80725
0.4,True,0.06,15,0.49128662390873923,0.5130166342069764,0.02173001029823718,0.235,0.3246385179666125,0.016,0.81415
0.4,True,0.06,16,0.5398227235682644,0.5373801833806824,-0.002442540187582054,0.245,0.34933758833529027,0.01705,0.82545
0.4,True,0.06,17,0.501087792958863,0.5107113613625986,0.009623568403735683,0.245,0.33514230726709326,0.01505,0.81675
0.4,True,0.06,18,0.5282595433746189,0.535478721848285,0.007219178473666155,0.28,0.35515913909817187,0.0153,0.8165
0.4,True,0.06,19,0.4817971947725576,0.4856447732841703,0.0038475785116126593,0.21,0.29894065013591326,0.0163,0.8052
0.4,True,0.06,20,0.527119700541352,0.5249619334773267,-0.002157767064025373,0.245,0.3395548686895796,0.0156,0.81885
0.6,True,0.06,1,0.5380338813570394,0.6317877527176458,0.09375387136060631,0.42,0.4641625385042746,0.04805,0.71345
0.6,True,0.06,2,0.5039942537498406,0.5702214086624948,0.06622715491265418,0.395,0.4073876760577523,0.05155,0.7008
0.6,True,0.06,3,0.4890296296058673,0.582865989477024,0.09383635987115663,0.42,0.4162080628565982,0.05465,0.694
0.6,True,0.06,4,0.5382270372131428,0.6107405199035167,0.07251348269037394,0.435,0.44184394971689195,0.05145,0.7109
0.6,True,0.06,5,0.5029302632833011,0.5995526019809904,0.09662233869768921,0.44,0.43728527811879275,0.05345,0.6937
0.6,True,0.06,6,0.5186356672752157,0.6063510720487156,0.08771540477349993,0.41,0.4374093756532038,0.0513,0.7076
0.6,True,0.06,7,0.513637667411623,0.5917818915914015,0.07814422417977851,0.35,0.4145738303832416,0.0525,0.70565
0.6,True,0.06,8,0.5087707013838418,0.6035406087641393,0.09476990738029745,0.375,0.4315666169147272,0.05105,0.706
0.6,True,0.06,9,0.5037796340055101,0.5801853277918138,0.07640569378630369,0.385,0.41377717464493385,0.0492,0.70285
0.6,True,0.06,10,0.4783554051954107,0.5889874210952347,0.11063201589982402,0.41,0.4284357930024042,0.05105,0.7012
0.6,True,0.06,11,0.5245057294818782,0.5921929516170144,0.06768722213513612,0.42,0.4282707021773578,0.05325,0.69545
0.6,True,0.06,12,0.5092713362654364,0.6046085504374795,0.0953372141720431,0.43,0.43993529561172295,0.0507,0.708
0.6,True,0.06,13,0.525746492476239,0.622741624614675,0.09699513213843602,0.415,0.4435796710643036,0.05225,0.7085
0.6,True,0.06,14,0.49961878918402114,0.5724439773629857,0.07282518817896455,0.395,0.40686787109117695,0.05225,0.69675
0.6,True,0.06,15,0.49128662390873923,0.5852168748395792,0.09393025093083995,0.395,0.41205836711500327,0.05125,0.69855
0.6,True,0.06,16,0.5398227235682644,0.6090184300009716,0.06919570643270712,0.4,0.4312192669761458,0.04805,0.7147
0.6,True,0.06,17,0.501087792958863,0.6010529886752657,0.09996519571640272,0.415,0.4305225517642591,0.04915,0.7157
0.6,True,0.06,18,0.5282595433746189,0.6350632361829888,0.10680369280836988,0.51,0.47846189770330355,0.04805,0.71285
0.6,True,0.06,19,0.4817971947725576,0.5847636394425799,0.1029664446700223,0.38,0.4187750262619747,0.05255,0.69485
0.6,True,0.06,20,0.527119700541352,0.6015951142491214,0.07447541370776933,0.435,0.4312188799807551,0.0509,0.7074
0.85,True,0.06,1,0.5380338813570394,0.7442286427828155,0.20619476142577609,0.685,0.6070466013206632,0.08905,0.64745
0.85,True,0.06,2,0.5039942537498406,0.6904934663686744,0.18649921261883373,0.63,0.5552790853636184,0.09335,0.6247
0.85,True,0.06,3,0.4890296296058673,0.6910058507704328,0.20197622116456543,0.58,0.5444287668665538,0.09875,0.61335
0.85,True,0.06,4,0.5382270372131428,0.7199336321220315,0.18170659490888874,0.615,0.5759708883312655,0.09155,0.64445
0.85,True,0.06,5,0.5029302632833011,0.6779710358099301,0.17504077252662897,0.575,0.5329285679518071,0.09765,0.6162
0.85,True,0.06,6,0.5186356672752157,0.7076280632535462,0.1889923959783305,0.605,0.5602786093187263,0.09375,0.63235
0.85,True,0.06,7,0.513637667411623,0.6922558251029792,0.17861815769135625,0.56,0.5307887534739093,0.0956,0.62385
0.85,True,0.06,8,0.5087707013838418,0.7122688177812594,0.20349811639741755,0.615,0.5736761874500848,0.09265,0.6346
0.85,True,0.06,9,0.5037796340055101,0.6920429261847434,0.18826329217923332,0.57,0.5498848714627544,0.0915,0.63465
0.85,True,0.06,10,0.4783554051954107,0.6608118577589073,0.18245645256349657,0.555,0.5188521193953853,0.0937,0.6199
0.85,True,0.06,11,0.5245057294818782,0.7104324473754511,0.18592671789357285,0.61,0.563070842873726,0.09185,0.6352
0.85,True,0.06,12,0.5092713362654364,0.7133168896768304,0.20404555341139397,0.605,0.5607691627724707,0.0935,0.63185
0.85,True,0.06,13,0.525746492476239,0.7095806296326646,0.1838341371564256,0.585,0.5514284677235752,0.09255,0.63055
0.85,True,0.06,14,0.49961878918402114,0.6916763495329658,0.1920575603489446,0.585,0.5460319144451543,0.0967,0.61985
0.85,True,0.06,15,0.49128662390873923,0.6985602240395212,0.207273600130782,0.575,0.5472755421125944,0.09385,0.6256
0.85,True,0.06,16,0.5398227235682644,0.7106628852524591,0.1708401616841947,0.57,0.5560010766386599,0.0878,0.64385
0.85,True,0.06,17,0.501087792958863,0.6993166609301886,0.19822886797132566,0.595,0.5556190670740111,0.09205,0.6344
0.85,True,0.06,18,0.5282595433746189,0.7402470096565418,0.2119874662819229,0.675,0.6026840769643402,0.09015,0.6472
0.85,True,0.06,19,0.4817971947725576,0.6888856890705806,0.20708849429802295,0.585,0.5372784441829438,0.09245,0.6251
0.85,True,0.06,20,0.527119700541352,0.7125285141109061,0.18540881356955408,0.635,0.5659143637085997,0.0948,0.63695
1.0,True,0.06,1,0.5380338813570394,0.7739220610951187,0.2358881797380793,0.735,0.6496292907689747,0.1106,0.61995
1.0,True,0.06,2,0.5039942537498406,0.7160597450859598,0.21206549133611918,0.665,0.5851469832606951,0.1163,0.5959
1.0,True,0.06,3,0.4890296296058673,0.7155238009357687,0.2264941713299014,0.66,0.5835838637696266,0.1178,0.5937
1.0,True,0.06,4,0.5382270372131428,0.7603262350405963,0.22209919782745347,0.71,0.6304607904335728,0.1129,0.6139
1.0,True,0.06,5,0.5029302632833011,0.7289478640962787,0.2260176008129775,0.65,0.5976973898708148,0.11895,0.58935
1.0,True,0.06,6,0.5186356672752157,0.7514934926123619,0.23285782533714616,0.75,0.6351392156500643,0.1145,0.60765
1.0,True,0.06,7,0.513637667411623,0.71450645084592,0.20086878343429704,0.645,0.5754510181334148,0.11595,0.598
1.0,True,0.06,8,0.5087707013838418,0.7532345969123662,0.24446389552852432,0.72,0.6196085546142095,0.11425,0.60985
1.0,True,0.06,9,0.5037796340055101,0.736675773387208,0.23289613938169795,0.705,0.605332573672433,0.1128,0.60645
1.0,True,0.06,10,0.4783554051954107,0.7172100088565868,0.2388546036611761,0.635,0.5810317704573105,0.1155,0.58405
1.0,True,0.06,11,0.5245057294818782,0.732856636055634,0.20835090657375577,0.675,0.5974354940226889,0.11755,0.60235
1.0,True,0.06,12,0.5092713362654364,0.7482945718267812,0.23902323556134475,0.735,0.6151659473179092,0.1166,0.6049
1.0,True,0.06,13,0.525746492476239,0.7600303111875256,0.23428381871128667,0.68,0.6172203259754508,0.1123,0.61985
1.0,True,0.06,14,0.49961878918402114,0.6876233671525602,0.1880045779685391,0.6,0.5452180087508809,0.1211,0.5793
1.0,True,0.06,15,0.49128662390873923,0.728777854041223,0.23749123013248374,0.695,0.5808558164359435,0.11665,0.6006
1.0,True,0.06,16,0.5398227235682644,0.7780068111456144,0.23818408757735,0.72,0.6427235058418703,0.1095,0.6289
1.0,True,0.06,17,0.501087792958863,0.7550546895260891,0.25396689656722615,0.72,0.628247864292587,0.11275,0.60865
1.0,True,0.06,18,0.5282595433746189,0.7715726515792847,0.24331310820466578,0.735,0.6430558508890464,0.11075,0.62585
1.0,True,0.06,19,0.4817971947725576,0.7150165547898437,0.2332193600172861,0.595,0.5766711017951914,0.11615,0.5984
1.0,True,0.06,20,0.527119700541352,0.7304602654934491,0.20334056495209707,0.68,0.5927297656166864,0.11515,0.6109
0.2,True,0.12,1,0.5380338813570394,0.5167010628586992,-0.021332818498340234,0.215,0.33179318505633704,0.00015,0.96145
0.2,True,0.12,2,0.5039942537498406,0.478624471497603,-0.025369782252237627,0.185,0.29533680486088265,0.0002,0.9625
0.2,True,0.12,3,0.4890296296058673,0.45539432196364743,-0.03363530764221989,0.175,0.27835720003096975,0.0004,0.9588
0.2,True,0.12,4,0.5382270372131428,0.5087654551377845,-0.029461582075358317,0.22,0.326260837934808,0.00025,0.9585
0.2,True,0.12,5,0.5029302632833011,0.49416036925509393,-0.008769894028207215,0.245,0.31730662540590965,0.0003,0.95585
0.2,True,0.12,6,0.5186356672752157,0.49176512374668724,-0.026870543528528468,0.23,0.31261819807567165,0.0002,0.9617
0.2,True,0.12,7,0.513637667411623,0.5155796435093588,0.0019419760977358314,0.235,0.33029762423020076,0.0002,0.9623
0.2,True,0.12,8,0.5087707013838418,0.49946748561769594,-0.0093032157661459,0.215,0.31728484981122923,0.00015,0.9604
0.2,True,0.12,9,0.5037796340055101,0.491914555114589,-0.011865078890921088,0.225,0.3179911376677315,0.0002,0.96695
0.2,True,0.12,10,0.4783554051954107,0.46071206359653727,-0.01764334159887343,0.185,0.2834122087792154,5e-05,0.96095
0.2,True,0.12,11,0.5245057294818782,0.5112752089190988,-0.013230520562779402,0.28,0.3344490431896616,0.00035,0.9607
0.2,True,0.12,12,0.5092713362654364,0.4977835080077363,-0.011487828257700117,0.23,0.316495661979345,0.0002,0.95795
0.2,True,0.12,13,0.525746492476239,0.5028328081406801,-0.022913684335558848,0.225,0.3147981113988882,5e-05,0.9591
0.2,True,0.12,14,0.49961878918402114,0.4468211923707564,-0.052797596813264736,0.15,0.26851439704751945,0.00035,0.96055
0.2,True,0.12,15,0.49128662390873923,0.49104418396518723,-0.0002424399435519975,0.205,0.3113138449638428,0.0003,0.96105
0.2,True,0.12,16,0.5398227235682644,0.5011952506633739,-0.03862747290489055,0.225,0.3186662715462516,0.00025,0.964
0.2,True,0.12,17,0.501087792958863,0.46947722979446366,-0.03161056316439931,0.2,0.28751081159660397,5e-05,0.9618
0.2,True,0.12,18,0.5282595433746189,0.470836876332216,-0.0574226670424029,0.18,0.2969537483984007,0.00025,0.96005
0.2,True,0.12,19,0.4817971947725576,0.481065607976926,-0.0007315867956316224,0.21,0.2990633717188748,0.00035,0.95855
0.2,True,0.12,20,0.527119700541352,0.5084936591931831,-0.01862604134816892,0.215,0.3179926168859677,0.00035,0.95885
0.4,True,0.12,1,0.5380338813570394,0.5417788793060212,0.003744997948981754,0.275,0.359714384726465,0.0155,0.8262
0.4,True,0.12,2,0.5039942537498406,0.5396494998396283,0.03565524608978765,0.315,0.3693173608351153,0.01685,0.81565
0.4,True,0.12,3,0.4890296296058673,0.5323057824744297,0.0432761528685624,0.235,0.3520497071324408,0.0166,0.81685
0.4,True,0.12,4,0.5382270372131428,0.5285938803963027,-0.009633156816840072,0.265,0.34914780429027664,0.01675,0.81405
0.4,True,0.12,5,0.5029302632833011,0.5281042766176303,0.025174013334329115,0.26,0.3480875074895254,0.0168,0.80455
0.4,True,0.12,6,0.5186356672752157,0.5382564899248627,0.01962082264964704,0.33,0.37222618992097856,0.0172,0.82535
0.4,True,0.12,7,0.513637667411623,0.5506348727527773,0.03699720534115436,0.29,0.36380466399633593,0.01765,0.82265
0.4,True,0.12,8,0.5087707013838418,0.5370419343177184,0.028271232933876567,0.28,0.3533192096242679,0.017,0.8132
0.4,True,0.12,9,0.5037796340055101,0.5031521167837572,-0.0006275172217529157,0.25,0.3236435175882962,0.01485,0.82345
0.4,True,0.12,10,0.4783554051954107,0.4762352930143699,-0.002120112181040801,0.195,0.2983591431209268,0.0164,0.81725
0.4,True,0.12,11,0.5245057294818782,0.5634294429494232,0.038923713467544974,0.3,0.37986395917683013,0.01775,0.82675
0.4,True,0.12,12,0.5092713362654364,0.5564741651420307,0.04720282887659433,0.265,0.3736825901232862,0.01655,0.81665
0.4,True,0.12,13,0.525746492476239,0.5363316920983506,0.010585199622111685,0.25,0.349926792883992,0.0162,0.81935
0.4,True,0.12,14,0.49961878918402114,0.5113619696677919,0.011743180483770765,0.185,0.32285745091889895,0.01705,0.81575
0.4,True,0.12,15,0.49128662390873923,0.5267872511334137,0.03550062722467451,0.28,0.3530320862104099,0.01635,0.8181
0.4,True,0.12,16,0.5398227235682644,0.5625356008547969,0.022712877286532485,0.25,0.3733439638771715,0.01465,0.83225
0.4,True,0.12,17,0.501087792958863,0.5358438329376203,0.034756039978757314,0.28,0.3533888774421602,0.01585,0.82295
0.4,True,0.12,18,0.5282595433746189,0.546863985893569,0.018604442518950104,0.27,0.3671276596013099,0.0158,0.829
0.4,True,0.12,19,0.4817971947725576,0.5129511600572648,0.031153965284707208,0.23,0.3358994461150469,0.01715,0.81135
0.4,True,0.12,20,0.527119700541352,0.5575351389927136,0.03041543845136152,0.285,0.36429253300776454,0.0161,0.81795
0.6,True,0.12,1,0.5380338813570394,0.7141588068734493,0.1761249255164099,0.58,0.5512716995773232,0.0478,0.73605
0.6,True,0.12,2,0.5039942537498406,0.6473275198984584,0.14333326614861774,0.425,0.48051271389284267,0.05115,0.71955
0.6,True,0.12,3,0.4890296296058673,0.6688981122462238,0.17986848264035643,0.51,0.5016021568667327,0.052,0.7209
0.6,True,0.12,4,0.5382270372131428,0.6755935660427298,0.137366528829587,0.5,0.5132658797176479,0.0486,0.7384
0.6,True,0.12,5,0.5029302632833011,0.6840844318497241,0.18115416856642297,0.58,0.5249153874597694,0.0529,0.7202
0.6,True,0.12,6,0.5186356672752157,0.6712722784256784,0.15263661115046268,0.545,0.5092903596593163,0.0495,0.72765
0.6,True,0.12,7,0.513637667411623,0.6969622384560842,0.1833245710444612,0.535,0.5146672850347757,0.0512,0.7336
0.6,True,0.12,8,0.5087707013838418,0.6922679731145172,0.18349727173067532,0.51,0.526578811546251,0.0511,0.73795
0.6,True,0.12,9,0.5037796340055101,0.6352269771369607,0.13144734313145068,0.42,0.46422971745875585,0.0502,0.72565
0.6,True,0.12,10,0.4783554051954107,0.6675308327373537,0.189175427541943,0.495,0.5042671400259657,0.05105,0.72505
0.6,True,0.12,11,0.5245057294818782,0.6751155750202177,0.15060984553833945,0.49,0.5128580025109469,0.05095,0.7317
0.6,True,0.12,12,0.5092713362654364,0.6815568642633144,0.172285527997878,0.495,0.5193234919451915,0.05155,0.7214
0.6,True,0.12,13,0.525746492476239,0.6761730937788074,0.15042660130256846,0.525,0.509630688546791,0.0497,0.7309
0.6,True,0.12,14,0.49961878918402114,0.6824985234230545,0.18287973423903336,0.525,0.5203567573598038,0.0504,0.7228
0.6,True,0.12,15,0.49128662390873923,0.6628041835399502,0.17151755963121096,0.54,0.4966545968896896,0.0508,0.72465
0.6,True,0.12,16,0.5398227235682644,0.6627029134113502,0.1228801898430858,0.475,0.49467165950854747,0.0493,0.7363
0.6,True,0.12,17,0.501087792958863,0.668161609481216,0.16707381652235298,0.495,0.5042720956936234,0.05015,0.73175
0.6,True,0.12,18,0.5282595433746189,0.7111793016713952,0.1829197582967763,0.545,0.54802843696839,0.0488,0.74155
0.6,True,0.12,19,0.4817971947725576,0.6776496536835671,0.1958524589110095,0.505,0.506727045632275,0.05045,0.72435
0.6,True,0.12,20,0.527119700541352,0.6884037783721246,0.1612840778307726,0.575,0.524091074169857,0.051,0.73625
0.85,True,0.12,1,0.5380338813570394,0.8081758306812022,0.2701419493241628,0.78,0.6813881361897774,0.08825,0.6917
0.85,True,0.12,2,0.5039942537498406,0.7967042309415661,0.2927099771917254,0.735,0.664033505216065,0.09055,0.67515
0.85,True,0.12,3,0.4890296296058673,0.7920300516701562,0.30300042206428884,0.765,0.6595628249479313,0.09085,0.6705
0.85,True,0.12,4,0.5382270372131428,0.8126498808372442,0.2744228436241014,0.81,0.6884983294810572,0.09035,0.6848
0.85,True,0.12,5,0.5029302632833011,0.8082465083805492,0.3053162450972481,0.785,0.6822862444175044,0.0923,0.67295
0.85,True,0.12,6,0.5186356672752157,0.8013850929318979,0.28274942565668215,0.74,0.6711852982239216,0.08905,0.6918
0.85,True,0.12,7,0.513637667411623,0.7824126911422227,0.2687750237305997,0.715,0.6513348621589493,0.0925,0.6727
0.85,True,0.12,8,0.5087707013838418,0.8123703531543615,0.3035996517705196,0.755,0.6843929663053477,0.08655,0.6871
0.85,True,0.12,9,0.5037796340055101,0.79048067950357,0.28670104549805997,0.765,0.6574790704938854,0.0883,0.67525
0.85,True,0.12,10,0.4783554051954107,0.7993470702180097,0.32099166502259896,0.75,0.6640558417192064,0.0886,0.6715
0.85,True,0.12,11,0.5245057294818782,0.8011361844160854,0.2766304549342071,0.76,0.666927950071603,0.08715,0.6832
0.85,True,0.12,12,0.5092713362654364,0.8020460303140333,0.2927746940485969,0.775,0.6716131897725208,0.08855,0.6732
0.85,True,0.12,13,0.525746492476239,0.7903540064907039,0.2646075140144649,0.745,0.6414625872838488,0.08815,0.68205
0.85,True,0.12,14,0.49961878918402114,0.7971629971815184,0.29754420799749726,0.765,0.659614997579272,0.092,0.6636
0.85,True,0.12,15,0.49128662390873923,0.7788406372845913,0.28755401337585207,0.745,0.6306647152057667,0.09275,0.66635
0.85,True,0.12,16,0.5398227235682644,0.8053388195323127,0.26551609596404824,0.755,0.6722408258905986,0.0858,0.69205
0.85,True,0.12,17,0.501087792958863,0.7819933093033444,0.28090551634448147,0.72,0.6470439219683781,0.0881,0.68435
0.85,True,0.12,18,0.5282595433746189,0.806341016686731,0.2780814733121121,0.795,0.6804231372490531,0.08485,0.68715
0.85,True,0.12,19,0.4817971947725576,0.8166364641012588,0.3348392693287012,0.82,0.6856522567078673,0.08665,0.67535
0.85,True,0.12,20,0.527119700541352,0.7974086920033295,0.2702889914619775,0.775,0.661168829720132,0.0899,0.6785
1.0,True,0.12,1,0.5380338813570394,0.8433647063397044,0.30533082498266495,0.85,0.7297941678472776,0.10765,0.67505
1.0,True,0.12,2,0.5039942537498406,0.8303879566767159,0.3263937029268753,0.88,0.7170795251055858,0.11265,0.64795
1.0,True,0.12,3,0.4890296296058673,0.8310044502405503,0.34197482063468293,0.84,0.7135688736190187,0.10925,0.65155
1.0,True,0.12,4,0.5382270372131428,0.8425752097451891,0.30434817253204627,0.835,0.728010904719443,0.10715,0.66915
1.0,True,0.12,5,0.5029302632833011,0.8373614261225135,0.33443116283921237,0.825,0.7284418554465245,0.11245,0.65055
1.0,True,0.12,6,0.5186356672752157,0.8274806880611482,0.30884502078593246,0.795,0.7086325189374633,0.10865,0.6666
1.0,True,0.12,7,0.513637667411623,0.825090176204787,0.311452508793164,0.805,0.6979400977156627,0.1128,0.6531
1.0,True,0.12,8,0.5087707013838418,0.839697908501045,0.33092720711720314,0.83,0.7323373703841156,0.10815,0.66795
1.0,True,0.12,9,0.5037796340055101,0.8407621855735402,0.33698255156803014,0.875,0.7264695921562071,0.1097,0.6585
1.0,True,0.12,10,0.4783554051954107,0.8471316900846775,0.3687762848892668,0.85,0.7382616399399089,0.1091,0.6651
1.0,True,0.12,11,0.5245057294818782,0.8294094301165533,0.3049037006346751,0.815,0.7182510458740501,0.1106,0.6573
1.0,True,0.12,12,0.5092713362654364,0.8112166563909081,0.3019453201254717,0.8,0.6850428545776959,0.11085,0.64985
1.0,True,0.12,13,0.525746492476239,0.8228378577789717,0.2970913653027327,0.795,0.6998570055503005,0.111,0.6596
1.0,True,0.12,14,0.49961878918402114,0.8296608217648369,0.33004203258081577,0.835,0.7091894550566878,0.11205,0.64965
1.0,True,0.12,15,0.49128662390873923,0.8303915144565838,0.33910489054784454,0.83,0.7042673985514987,0.1096,0.6567
1.0,True,0.12,16,0.5398227235682644,0.836670748947939,0.2968480253796746,0.855,0.7206851142316786,0.1039,0.6766
1.0,True,0.12,17,0.501087792958863,0.8328842841214322,0.33179649116256926,0.8,0.7149820973318535,0.1113,0.65915
1.0,True,0.12,18,0.5282595433746189,0.8493017114157431,0.3210421680411242,0.845,0.7407748816528443,0.10855,0.66045
1.0,True,0.12,19,0.4817971947725576,0.850920624952158,0.3691234301796004,0.885,0.739210165804755,0.10815,0.66195
1.0,True,0.12,20,0.527119700541352,0.8397854541546801,0.31266575361332805,0.835,0.7237941892321496,0.108,0.66175
