initial_preference_width,social_signal_weight,initial_distribution,seed,initial_mean_extremity,final_mean_extremity,final_opinion_variance,final_extreme_share,final_preference_width,final_acceptance_rate,final_backfire_rate,final_opinion_bimodality
0.2,0.0,moderate,1,0.191984810696711,0.22742294484586809,0.08222381014950596,0.02,0.12648946937064148,0.8433,0.0008,1.3022182947975012
0.2,0.0,moderate,2,0.1686308045373449,0.22564668167169466,0.08392531143271514,0.02,0.1267471652782729,0.8387,0.0007,1.2385724570971648
0.2,0.0,moderate,3,0.1838243742538981,0.24506652223704953,0.09753101067773501,0.035,0.12685785331790725,0.8384,0.00055,1.2656114153559133
0.2,0.0,moderate,4,0.2141814754163253,0.2594947286934467,0.10725416160046483,0.02,0.12657840278160873,0.84475,0.0006,1.2983579486627965
0.2,0.0,moderate,5,0.18573435466753935,0.23056329377885743,0.08734987499779713,0.02,0.12721341761276106,0.83215,0.0004,1.2473626941599019
0.2,0.0,moderate,6,0.20168734440021685,0.2396301632483798,0.09186362263136026,0.01,0.12626920657224067,0.84585,0.00095,1.2907583219567231
0.2,0.0,moderate,7,0.20911035063254804,0.2626548078037172,0.10475190336523293,0.015,0.1259218472443204,0.85415,0.001,1.389164325716074
0.2,0.0,moderate,8,0.21601962406832395,0.25822687129328303,0.10535143335399934,0.025,0.12648296971119977,0.8544,0.00025,1.3186729872915448
0.2,0.0,moderate,9,0.20693438784160467,0.25544732977554174,0.10375459943123651,0.02,0.12635210416051806,0.8488,0.0007,1.3100856042926943
0.2,0.0,moderate,10,0.18517635479143874,0.24641967070999976,0.09663526724846133,0.03,0.1265718887785029,0.845,0.0006,1.291708428515964
0.2,0.0,moderate,11,0.20557049227307933,0.23322802355572864,0.08380646932576755,0.01,0.1264333664444708,0.84455,0.0008,1.352352081433946
0.2,0.0,moderate,12,0.20726156788265984,0.2449544026792158,0.09170761688570402,0.015,0.1263749441748035,0.84705,0.00075,1.3695202808588987
0.2,0.0,moderate,13,0.21044034758961694,0.25575569936809245,0.1062828469954423,0.035,0.12602761536002127,0.8571,0.0007,1.2539029830034167
0.2,0.0,moderate,14,0.19077974354766855,0.2400990625814199,0.09614843409751098,0.04,0.12621137178227868,0.8503,0.0008,1.2228694723583224
0.2,0.0,moderate,15,0.21685872945859622,0.25652965293210817,0.10029844402011925,0.01,0.12654828069098978,0.8427,0.00075,1.376986166409691
0.2,0.0,moderate,16,0.19858286037690412,0.2343600276904794,0.0861767915713233,0.01,0.12588734616950784,0.85785,0.00085,1.311778247187096
0.2,0.0,moderate,17,0.1917777166916192,0.21766575560741383,0.06822016097958712,0.0,0.12653205638848392,0.834,0.0012,1.474291268212502
0.2,0.0,moderate,18,0.2047567655962488,0.2411008912536861,0.09610662492731734,0.03,0.12663813526069645,0.84025,0.00075,1.2341262985666621
0.2,0.0,moderate,19,0.1845465697203597,0.22213450160870288,0.08395593028492522,0.03,0.1259943045293906,0.85805,0.0007,1.1861589751583645
0.2,0.0,moderate,20,0.22431371000053507,0.2705075782990148,0.1149723798125594,0.04,0.1262362220690054,0.85105,0.00075,1.3188551645618802
0.2,0.2,moderate,1,0.20774412439434806,0.24563666270968126,0.09649649385371177,0.015,0.1260029138855061,0.85575,0.0008,1.294177625200272
0.2,0.2,moderate,2,0.20128988548028026,0.23319797845504098,0.08080251123823545,0.0,0.12635828748522132,0.8475,0.00075,1.4187788775813202
0.2,0.2,moderate,3,0.20184053864415794,0.2343665738693295,0.08326298238092208,0.0,0.12650337889287153,0.8468,0.0006,1.3835390450874796
0.2,0.2,moderate,4,0.20465350561170467,0.24477309736193006,0.09628122554752055,0.02,0.1264995718183117,0.84985,0.00045,1.2719987805870243
0.2,0.2,moderate,5,0.1947720481733154,0.24720456467985905,0.09528209084779891,0.02,0.12663885432224267,0.8382,0.00085,1.3518285820998563
0.2,0.2,moderate,6,0.20361917304160557,0.24302421104465907,0.09155839980344986,0.01,0.12635531506549447,0.84775,0.00075,1.3474351673250375
0.2,0.2,moderate,7,0.18998558562037918,0.23312653115720408,0.0828681734799908,0.005,0.12613318901912068,0.85555,0.00065,1.3659117721065286
0.2,0.2,moderate,8,0.1894679210288135,0.2312328343621202,0.08094719773277317,0.0,0.1259839539201758,0.8602,0.0006,1.3949357547630536
0.2,0.2,moderate,9,0.21436430038837428,0.25837414660874736,0.09980180051895651,0.025,0.12617970367814638,0.85725,0.0005,1.426265285763685
0.2,0.2,moderate,10,0.2051206515580141,0.25334399163072263,0.09746483416744893,0.02,0.12609434012345044,0.8554,0.0007,1.377445809676239
0.2,0.2,moderate,11,0.20219902612267976,0.22406891720910302,0.08192817933849326,0.0,0.12631456372370697,0.84585,0.0009,1.254681661330099
0.2,0.2,moderate,12,0.1879594933441735,0.2364276685518033,0.08585616825678795,0.0,0.12651062833903912,0.8487,0.0005,1.3716363746680227
0.2,0.2,moderate,13,0.2025441167420773,0.2506400572700162,0.09693437960676146,0.02,0.12597392497766907,0.86065,0.0006,1.3536110911707997
0.2,0.2,moderate,14,0.2193043826010329,0.24915827699239274,0.09411019086193473,0.01,0.12630586592435317,0.85395,0.0005,1.3637410285243563
0.2,0.2,moderate,15,0.19073161190963425,0.22406731257425677,0.07905836067006945,0.005,0.1261540855283221,0.85285,0.00075,1.3384068775618687
0.2,0.2,moderate,16,0.19693928565980987,0.24369840692513228,0.08946393165444132,0.01,0.1260812118974317,0.85985,0.0005,1.3924943205019087
0.2,0.2,moderate,17,0.19718492161192006,0.2461833316965518,0.09155297453883954,0.005,0.12677949227533802,0.84055,0.00055,1.4002078269548985
0.2,0.2,moderate,18,0.21150799895537178,0.24544163697753058,0.09358224309324827,0.015,0.1263754740717616,0.8442,0.0009,1.3380005074972656
0.2,0.2,moderate,19,0.20880971098367657,0.2599986575428002,0.1035027635398157,0.005,0.12597977020040518,0.8624,0.0005,1.3595668871025735
0.2,0.2,moderate,20,0.18290852156816334,0.22349695461172664,0.07985784008927398,0.0,0.12580300984099155,0.8661,0.00055,1.2873381686534784
0.2,0.4,moderate,1,0.1852177852095641,0.23247472803841113,0.08436604412645421,0.0,0.12634366395054733,0.853,0.0005,1.3361541075400785
0.2,0.4,moderate,2,0.20293445811044944,0.2307425283550191,0.08310573467475145,0.0,0.12614250187255302,0.8502,0.0009,1.3188203985833435
0.2,0.4,moderate,3,0.17773194547874802,0.2111083460202243,0.06283652647665317,0.0,0.1264661393080847,0.8477,0.0006,1.560958630653278
0.2,0.4,moderate,4,0.1893264688226826,0.22919426092989717,0.07842879463830082,0.0,0.12585480449162179,0.8616,0.0007,1.3614718880381962
0.2,0.4,moderate,5,0.20189993746562748,0.22650034870304317,0.07743297099153156,0.0,0.12690737177541844,0.8411,0.00035,1.3979662350854187
0.2,0.4,moderate,6,0.18620619168625352,0.2244922966165949,0.07288556168556194,0.0,0.12643042044312378,0.85155,0.00045,1.4963248302964276
0.2,0.4,moderate,7,0.19077276611833316,0.2225639360299778,0.0760231030441178,0.0,0.1257170029386709,0.8702,0.00045,1.3592924618481705
0.2,0.4,moderate,8,0.20017564240291053,0.22895757851887988,0.075828168941118,0.0,0.12577842355425878,0.86555,0.0006,1.5054970117005197
0.2,0.4,moderate,9,0.20154518989098086,0.2344150602046925,0.0836294640462394,0.0,0.12594714289475747,0.86305,0.0005,1.3830345548119867
0.2,0.4,moderate,10,0.20090503423665795,0.2579996804956497,0.09207238134492567,0.0,0.12606565180535317,0.85725,0.00065,1.5699901978679776
0.2,0.4,moderate,11,0.20462253121668186,0.24596246467222285,0.09097583321770529,0.005,0.12607970041156807,0.8568,0.00065,1.385151304926805
0.2,0.4,moderate,12,0.2138567860976316,0.23193086306839825,0.08443205143620812,0.005,0.12601698218983154,0.86045,0.00055,1.3181313953923472
0.2,0.4,moderate,13,0.1881547799137949,0.21314194933085553,0.07526449298979873,0.0,0.1259299497784398,0.86375,0.0005,1.211948562873393
0.2,0.4,moderate,14,0.20291061387146658,0.2355820174620242,0.08081284314645583,0.0,0.12577128636838933,0.85795,0.001,1.4618083397932917
0.2,0.4,moderate,15,0.18509663616461144,0.20791821455310455,0.06745679361460998,0.0,0.1259450350518926,0.85815,0.00075,1.3383051741380252
0.2,0.4,moderate,16,0.19630366595648255,0.2086473029735849,0.06810023508182454,0.0,0.12570996977221902,0.86835,0.00055,1.334681386863976
0.2,0.4,moderate,17,0.20817085494403084,0.24736820313472507,0.08994953436146311,0.0,0.12644703441311486,0.85195,0.0004,1.4584658588782349
0.2,0.4,moderate,18,0.2140882344219853,0.25102019064937947,0.09488850204074428,0.0,0.12635091585284175,0.85445,0.0004,1.356588652358083
0.2,0.4,moderate,19,0.18844207837915455,0.23220807598561607,0.0819281997985272,0.0,0.12591071451124447,0.86435,0.0005,1.3402462430731146
0.2,0.4,moderate,20,0.1850734498162139,0.2258632936316561,0.07573538197400084,0.0,0.12610430081299384,0.8651,0.0002,1.4372604861406317
0.2,0.6,moderate,1,0.20625786306607313,0.23121780594580352,0.08495251535865203,0.0,0.12557724542021884,0.8648,0.0009,1.2849436928317388
0.2,0.6,moderate,2,0.19194155623774747,0.2226425897722981,0.07319275925981208,0.0,0.1258511021334411,0.85965,0.0008,1.4456684234609158
0.2,0.6,moderate,3,0.21131510944374327,0.23978458822286167,0.08840032232148416,0.0,0.12617051661973394,0.8554,0.0006,1.3651003455505866
0.2,0.6,moderate,4,0.2069777809086051,0.2328060082310147,0.07768902455215543,0.0,0.12603597802523997,0.86,0.00055,1.5099815844070863
0.2,0.6,moderate,5,0.2127614374571473,0.24114384880265485,0.08666122025559585,0.0,0.1262588764845619,0.84695,0.0009,1.4062135311183723
0.2,0.6,moderate,6,0.19452305586250787,0.23626377407053945,0.08013098014896362,0.0,0.1262715344891546,0.8528,0.0006,1.5040425018383603
0.2,0.6,moderate,7,0.19855257122245035,0.2328803022793884,0.0766123764581101,0.0,0.1255266584186177,0.8752,0.00045,1.5528219516221313
0.2,0.6,moderate,8,0.19151113308783002,0.19508004200386103,0.058997764766835506,0.0,0.1257411481968572,0.8695,0.00045,1.346671559423873
0.2,0.6,moderate,9,0.20997002396430026,0.2302712032163201,0.0846716317588976,0.0,0.12585299918055054,0.8639,0.0006,1.2977981383982438
0.2,0.6,moderate,10,0.1947851471922653,0.22275415257759357,0.07615071640852732,0.005,0.12576584679276098,0.8609,0.00085,1.3610485085302568
0.2,0.6,moderate,11,0.20364229977879056,0.24395304989092345,0.08731851890273855,0.0,0.1259069143116548,0.8622,0.0006,1.4527219308617052
0.2,0.6,moderate,12,0.21309338142409762,0.24842752349446165,0.08836668884924954,0.0,0.12583827816963697,0.867,0.00045,1.4760231565936832
0.2,0.6,moderate,13,0.2018028593727791,0.24525239297198465,0.08700662057481098,0.005,0.12533829309612757,0.8761,0.00065,1.4900804211640486
0.2,0.6,moderate,14,0.18590868989726958,0.23162243138666871,0.0792216229277912,0.0,0.12577319979312473,0.86785,0.0005,1.4488900640727125
0.2,0.6,moderate,15,0.20586720755381008,0.2370214684013739,0.07677859451119566,0.0,0.12604441917711173,0.8635,0.00035,1.5787726597360543
0.2,0.6,moderate,16,0.19991183827308248,0.23477202588894175,0.08422237410939265,0.0,0.12574883896370226,0.87215,0.0003,1.358578157396756
0.2,0.6,moderate,17,0.2083343670167171,0.24009356870505769,0.08900577077173732,0.0,0.12647843651907315,0.85125,0.0004,1.3545588844167198
0.2,0.6,moderate,18,0.19526696274840083,0.23261757655758214,0.07903607998214549,0.0,0.125870096933904,0.85825,0.00085,1.4712894072672817
0.2,0.6,moderate,19,0.18024919764976105,0.19772231210966695,0.06201444718230469,0.0,0.12535299693397248,0.8767,0.0006,1.3079223788379175
0.2,0.6,moderate,20,0.21196899153734464,0.2475649047953785,0.09191618153319375,0.0,0.1255413467362274,0.8708,0.00065,1.3462260151365089
0.2,0.8,moderate,1,0.19655075536193398,0.21409274452181543,0.07112687793148734,0.0,0.12571931464760525,0.8691,0.0005,1.3458680045154667
0.2,0.8,moderate,2,0.19304401538199215,0.2222809038085952,0.07064984555864087,0.0,0.1258175048572619,0.8654,0.00055,1.519039302688111
0.2,0.8,moderate,3,0.19759536786357018,0.21648659299633735,0.06989772183367833,0.0,0.12564691888201276,0.8631,0.0009,1.4102468442209541
0.2,0.8,moderate,4,0.18759236948078828,0.22121989411809076,0.07626958527232293,0.0,0.12572899217561045,0.86595,0.00065,1.3247840630866314
0.2,0.8,moderate,5,0.1967128940571522,0.22594147536829554,0.07053041698090867,0.0,0.12632327736174104,0.85435,0.00045,1.4904034383367963
0.2,0.8,moderate,6,0.19169512737450414,0.2121212613085044,0.07082470575305189,0.0,0.12563617540271907,0.8674,0.0007,1.3131072107677508
0.2,0.8,moderate,7,0.1969437852998948,0.23443422807276473,0.08145143561584484,0.0,0.1252069888770101,0.8794,0.00065,1.4174167129176223
0.2,0.8,moderate,8,0.20214024452707796,0.23205201072540604,0.0800099274428327,0.0,0.12550999157627016,0.8716,0.00065,1.4298768044615873
0.2,0.8,moderate,9,0.1878612665995375,0.20490273675734588,0.06867136797553906,0.0,0.1257411278358224,0.8687,0.0005,1.2533459986983928
0.2,0.8,moderate,10,0.2044132878424167,0.22906050339208334,0.07678904686975704,0.0,0.12574949182555098,0.86815,0.0005,1.4566524068763091
0.2,0.8,moderate,11,0.1935147621509833,0.223762716132013,0.0752546761444689,0.0,0.12557943760088267,0.8667,0.0008,1.392276597427741
0.2,0.8,moderate,12,0.20011486111083443,0.24488106114732916,0.08752606499410584,0.005,0.12548329298275687,0.8694,0.0008,1.459667294635589
0.2,0.8,moderate,13,0.20134267020431204,0.21522533263090793,0.06871766559921681,0.0,0.12522413576062502,0.8723,0.001,1.4168623000956604
0.2,0.8,moderate,14,0.21257339552570712,0.23397180395543907,0.08211623622623243,0.0,0.12579260136845727,0.8682,0.00045,1.4050143573904037
0.2,0.8,moderate,15,0.2158427026807445,0.2410745375549098,0.08261824410051155,0.0,0.12585120316640816,0.8657,0.0005,1.5228378260933038
0.2,0.8,moderate,16,0.1969658676173248,0.22844152636092196,0.07593021031842369,0.0,0.1254600826311453,0.8788,0.00035,1.4699647277515158
0.2,0.8,moderate,17,0.19726209158028682,0.22864020881870314,0.0759281878288002,0.005,0.1259785132315744,0.8564,0.0008,1.463138380527762
0.2,0.8,moderate,18,0.17609498966195816,0.21636179391470756,0.0703832328815989,0.0,0.1260551166402818,0.8583,0.0006,1.4101328261971275
0.2,0.8,moderate,19,0.18990994326268365,0.21500919907569796,0.06947567246955492,0.0,0.12550708358602944,0.87765,0.00035,1.4118539326186754
0.2,0.8,moderate,20,0.20763362579690126,0.2331129849341586,0.07530407692110976,0.0,0.1256035574290579,0.87215,0.0005,1.533211428922171
1.0,0.0,moderate,1,0.19811572703022232,0.6140272903622711,0.490466882268422,0.49,0.3308716474882944,0.49275,0.13115,1.7837843350541693
1.0,0.0,moderate,2,0.2138430050887382,0.609229123570342,0.48552835259996824,0.485,0.3257067560994469,0.48565,0.13385,1.781044779835431
1.0,0.0,moderate,3,0.19983688633371138,0.5893704757304502,0.46294325139351244,0.47,0.3265536232869184,0.47435,0.1346,1.7243756449142937
1.0,0.0,moderate,4,0.20080048002125309,0.6137075460857343,0.4817176117858496,0.49,0.3269505705693817,0.4957,0.13295,1.7930613806971138
1.0,0.0,moderate,5,0.22980353319435337,0.6357661469325271,0.515721299909806,0.53,0.3199276158708849,0.488,0.1367,1.9054018445645797
1.0,0.0,moderate,6,0.1918677830029164,0.5245413088351484,0.40168602756976973,0.415,0.3285694843087874,0.4796,0.1336,1.4757389615242145
1.0,0.0,moderate,7,0.21868071108550083,0.6316810991234141,0.508726662021812,0.52,0.33272231225079757,0.50835,0.12935,1.8779334219423225
1.0,0.0,moderate,8,0.21515193646971373,0.6346540219290933,0.5163578469717606,0.53,0.33692157475031964,0.4909,0.1283,1.8476298254805308
1.0,0.0,moderate,9,0.19541946442912056,0.6254055466814595,0.5010991504421767,0.5,0.3323343225224521,0.4835,0.13105,1.8808425732681016
1.0,0.0,moderate,10,0.19822928342081705,0.5888253096849231,0.46556935826995327,0.465,0.3288788579164408,0.4932,0.1323,1.7066689091338088
1.0,0.0,moderate,11,0.19741773384728142,0.5972824335113238,0.4670252118427263,0.455,0.3234550657319704,0.48585,0.13535,1.758282191758417
1.0,0.0,moderate,12,0.18821469921754336,0.5809665083873903,0.4577817505386756,0.44,0.3317348955852487,0.47965,0.1318,1.6752400760083053
1.0,0.0,moderate,13,0.19353032698274908,0.6411482659188324,0.5228298575644034,0.535,0.3389501824533167,0.4955,0.12685,1.9193811141556623
1.0,0.0,moderate,14,0.2148544911426841,0.6185726629800842,0.5061412872134115,0.505,0.3319419758128076,0.4844,0.13125,1.7559600945649732
1.0,0.0,moderate,15,0.21430212264736348,0.6007477805848587,0.4657977756340661,0.465,0.3308001268384335,0.4826,0.1321,1.725466867760907
1.0,0.0,moderate,16,0.1946735418760506,0.5863524539145416,0.45606866657005535,0.465,0.3369970161353397,0.48325,0.1285,1.7407448555520555
1.0,0.0,moderate,17,0.19355888504600074,0.5785733557312878,0.44889045502851643,0.45,0.3208498801811503,0.47685,0.1373,1.6782522682362384
1.0,0.0,moderate,18,0.21161369136096034,0.5940622573727815,0.46006556137052257,0.49,0.32016821967512216,0.4828,0.1371,1.7311553848265255
1.0,0.0,moderate,19,0.21053719578024235,0.6326343329955278,0.5062410142037195,0.52,0.3424443238227438,0.49315,0.12565,1.933100468401086
1.0,0.0,moderate,20,0.20622008128195596,0.6219506213961177,0.5065528845123967,0.53,0.33372177686804405,0.49995,0.1292,1.7919462067986822
1.0,0.2,moderate,1,0.1793242031614413,0.5770544634822131,0.443094329090685,0.415,0.32894925248557,0.48885,0.13245,1.7167552047338923
1.0,0.2,moderate,2,0.17693210637604506,0.5586503206087934,0.4301572376280561,0.425,0.32724136204410553,0.47885,0.13305,1.614444834803051
1.0,0.2,moderate,3,0.20945744788064405,0.6073356946599072,0.4836588403922053,0.495,0.3283655896787983,0.48965,0.13245,1.751616958855069
1.0,0.2,moderate,4,0.19187701337071927,0.5658448295286369,0.4332883448839959,0.43,0.33007947631212914,0.48035,0.1319,1.6809878102624551
1.0,0.2,moderate,5,0.20529270753096726,0.5804121453484317,0.46643552705332697,0.47,0.3226336853766739,0.48905,0.13505,1.5952857050418505
1.0,0.2,moderate,6,0.1829419905482142,0.5667113769233239,0.42316612191259795,0.39,0.3349881018757567,0.46455,0.1309,1.7755396294298944
1.0,0.2,moderate,7,0.17541238643752943,0.5653635665369375,0.43453821797508524,0.44,0.3341702588309998,0.484,0.1294,1.649196552399738
1.0,0.2,moderate,8,0.2120487544274633,0.6130799840819355,0.4912868175354579,0.5,0.3308056520402844,0.493,0.13075,1.7891559557425059
1.0,0.2,moderate,9,0.207877009377193,0.6075173344602003,0.48031651871479936,0.475,0.33416544201722986,0.4904,0.12955,1.8229564157842522
1.0,0.2,moderate,10,0.19997606374870272,0.6160018396136518,0.4956244277135495,0.48,0.33145598703623863,0.49275,0.13045,1.7972010024452227
1.0,0.2,moderate,11,0.20358449807646425,0.5664855265607299,0.42866737925141335,0.41,0.3292657874696097,0.47985,0.1326,1.6814886133379947
1.0,0.2,moderate,12,0.1839888685796672,0.5859259321351411,0.44879724034108504,0.435,0.3343580068350679,0.48745,0.12975,1.7790589997813928
1.0,0.2,moderate,13,0.18855704116355906,0.6175824834859958,0.4769936575760311,0.445,0.3382856795968269,0.49145,0.1277,1.9650514606843057
1.0,0.2,moderate,14,0.1910594349372203,0.5785922290439612,0.44918628020412954,0.435,0.3339968989403567,0.4879,0.12985,1.6891548173918176
1.0,0.2,moderate,15,0.19415798507541937,0.628889522625063,0.5075504639865351,0.51,0.33205394117595227,0.4908,0.1306,1.8428426726537954
1.0,0.2,moderate,16,0.20273423179460315,0.5837956403619861,0.46392074767301084,0.46,0.33713804107855677,0.49295,0.1279,1.6645572668450437
1.0,0.2,moderate,17,0.21248986753463306,0.5742314642248971,0.44260200675804634,0.43,0.32070827646871314,0.487,0.13695,1.6780179555805856
1.0,0.2,moderate,18,0.19139011474289064,0.6095131405073607,0.4807138085066521,0.485,0.32599354722689555,0.4863,0.13395,1.8261756640507414
1.0,0.2,moderate,19,0.20133143439186355,0.617737848486452,0.5029824424216035,0.5,0.3373654373790288,0.4975,0.1275,1.7685918646522298
1.0,0.2,moderate,20,0.20540210362835082,0.6039340689204915,0.47608151870236143,0.49,0.33814137242833253,0.498,0.1275,1.7900203471845362
1.0,0.4,moderate,1,0.22688425895127334,0.608407183718612,0.48597552014467654,0.47,0.3381435867633054,0.4967,0.127,1.784493814714178
1.0,0.4,moderate,2,0.1985078311131833,0.5924914644236937,0.46352274197593313,0.475,0.32815064338705596,0.4896,0.13285,1.7253612995729282
1.0,0.4,moderate,3,0.18442545490512494,0.5826523955555678,0.44858373650173844,0.42,0.32878407879975585,0.4901,0.1322,1.7026815130777926
1.0,0.4,moderate,4,0.19819092572818586,0.588924663154468,0.4581626868233056,0.45,0.33237016029706956,0.48975,0.13055,1.6678799652321692
1.0,0.4,moderate,5,0.19979120856413715,0.5990690440595199,0.46804738801652307,0.46,0.32621294625326014,0.47525,0.13435,1.8122419894649366
1.0,0.4,moderate,6,0.19571578884299975,0.5828554335087066,0.4485526629745945,0.45,0.33137221163662206,0.49395,0.13085,1.7591464851856224
1.0,0.4,moderate,7,0.2090805676605016,0.5913156697726492,0.46115533681252,0.47,0.33659255838798563,0.5019,0.1278,1.7730756907125753
1.0,0.4,moderate,8,0.21239873385548663,0.627985777196482,0.5019398096194377,0.515,0.3393076481283627,0.5026,0.12625,1.8170815860797822
1.0,0.4,moderate,9,0.20446786932461244,0.6332207921701551,0.5082113970819304,0.525,0.33783000851014194,0.4991,0.12715,1.9129420979999208
1.0,0.4,moderate,10,0.20303518446532912,0.6056343647366388,0.46921014544501416,0.475,0.3340107566239556,0.4923,0.1296,1.7915222471032022
1.0,0.4,moderate,11,0.20844153126829987,0.5900465339666959,0.4597148604062018,0.46,0.33348852955995917,0.4936,0.1298,1.7274417850303103
1.0,0.4,moderate,12,0.20699810730997067,0.5787241311361971,0.4463100014818063,0.43,0.33272847100978625,0.4885,0.12985,1.7279695707812357
1.0,0.4,moderate,13,0.20299101301246186,0.593613910481666,0.4618794872869496,0.46,0.33734491530766175,0.50105,0.1275,1.7946501118301676
1.0,0.4,moderate,14,0.2104560069958641,0.6318717517616095,0.508050619727628,0.525,0.3413689427061863,0.49815,0.1259,1.900991634825236
1.0,0.4,moderate,15,0.20525519023679217,0.6287264427284583,0.5025841108492205,0.495,0.3317661536175757,0.49225,0.13075,1.8762867588142118
1.0,0.4,moderate,16,0.17914429496151377,0.5682851984991618,0.43085687863748356,0.405,0.3449113115210629,0.48365,0.12485,1.7280576985394036
1.0,0.4,moderate,17,0.19118229219781238,0.5871307399745862,0.46692771250105536,0.47,0.32715077813819304,0.49045,0.13335,1.6638987571480812
1.0,0.4,moderate,18,0.18429485566803736,0.5703218150846753,0.4378903866036676,0.41,0.32361483678225283,0.4785,0.13535,1.6983793898321813
1.0,0.4,moderate,19,0.19777557620119907,0.6264605704847687,0.5047640528843117,0.525,0.340035646435517,0.5014,0.12555,1.8521983847490833
1.0,0.4,moderate,20,0.19708006526478208,0.6075837176441204,0.4759939699686293,0.48,0.3371424420846293,0.5004,0.1277,1.8403681118073174
1.0,0.6,moderate,1,0.18992235596509865,0.5536145210332755,0.4211341222490526,0.41,0.33404390552411684,0.485,0.1301,1.600820768092336
1.0,0.6,moderate,2,0.21853456368070845,0.6341959898970615,0.5032480858299401,0.5,0.3337368747597608,0.4957,0.1294,1.994665613866117
1.0,0.6,moderate,3,0.1883238509921648,0.5862968544794401,0.45028487068746464,0.435,0.3285390480011766,0.4874,0.1326,1.7898000062354298
1.0,0.6,moderate,4,0.20261987900969647,0.5647020147303466,0.4400570842178854,0.44,0.3376399542413197,0.4961,0.1277,1.6226179458451657
1.0,0.6,moderate,5,0.19748879633157948,0.5573598223109937,0.42395468402097747,0.39,0.3322407229396927,0.4808,0.13355,1.6559014397163716
1.0,0.6,moderate,6,0.21901476323888808,0.6297300690536657,0.506106828479789,0.53,0.33316868207941197,0.5007,0.1297,1.8812732453874745
1.0,0.6,moderate,7,0.2002474460420165,0.6392373401909373,0.5016714670419649,0.495,0.3457739811115975,0.4921,0.12555,2.024243967485327
1.0,0.6,moderate,8,0.19119531250627553,0.5935315028533803,0.4571844350972432,0.435,0.34111911878518325,0.4838,0.12695,1.8325704630526758
1.0,0.6,moderate,9,0.20220466395051684,0.6006822682854844,0.4726955426886192,0.475,0.3386733167635761,0.49445,0.12745,1.7890355273583622
1.0,0.6,moderate,10,0.18684549306487042,0.5862021397437893,0.45149554126244523,0.445,0.33556370133019486,0.48015,0.1302,1.7602068674589604
1.0,0.6,moderate,11,0.19180527206623155,0.6196572112207054,0.487810206988582,0.475,0.330694406303034,0.49255,0.1309,1.8037547711380135
1.0,0.6,moderate,12,0.20517914555741168,0.6027132686772316,0.46541132840470867,0.455,0.33597406451096873,0.49635,0.1285,1.877902414426078
1.0,0.6,moderate,13,0.21192523284736794,0.6226071375992506,0.4916267051950022,0.51,0.3396565027543137,0.50655,0.12645,1.9140276432124679
1.0,0.6,moderate,14,0.19092941132973562,0.585657013818438,0.45363943357983305,0.445,0.33247311113418265,0.4977,0.12995,1.7293053922304962
1.0,0.6,moderate,15,0.1888376714811352,0.561884201441961,0.42557886917297544,0.395,0.33440039164086116,0.486,0.12965,1.6919166685207434
1.0,0.6,moderate,16,0.19572519600279578,0.5889181483733898,0.4599436251848785,0.46,0.3403392412539834,0.49935,0.126,1.7427765689502388
1.0,0.6,moderate,17,0.19795430524760282,0.5724520985215261,0.4384444198619913,0.435,0.32716703437431455,0.4903,0.133,1.6776931269006288
1.0,0.6,moderate,18,0.20759801748039938,0.6141251626141501,0.48260898082430453,0.465,0.3287320920445126,0.4895,0.1319,1.8562527833878166
1.0,0.6,moderate,19,0.20204715069354023,0.6366656458079891,0.5006771079014356,0.525,0.34301732634879806,0.50195,0.1245,1.8905142133288078
1.0,0.6,moderate,20,0.2104725075659386,0.5768591504293682,0.4472268143971369,0.435,0.3360397659646421,0.5026,0.128,1.70880481328007
1.0,0.8,moderate,1,0.18731966894261995,0.5389348648406931,0.40632525942468944,0.395,0.3276955758658106,0.48415,0.13375,1.58076105175923
1.0,0.8,moderate,2,0.18733403734588563,0.5130793488145541,0.3799620897003129,0.35,0.3318269596281837,0.48805,0.13135,1.500581155823749
1.0,0.8,moderate,3,0.1868605646654679,0.5753370564948793,0.42966454352680855,0.4,0.33301533646003684,0.48555,0.13305,1.832249271274724
1.0,0.8,moderate,4,0.1968999683995068,0.6206500079626251,0.4858014555195045,0.485,0.3376437897957906,0.498,0.1294,1.9366588032403214
1.0,0.8,moderate,5,0.18997572320940265,0.5570373064481317,0.4293301543820543,0.42,0.3250350454061811,0.4852,0.13655,1.610014550608564
1.0,0.8,moderate,6,0.19675815733155522,0.5767101322365827,0.43939822895854136,0.43,0.33358358904665564,0.4912,0.13005,1.734269701124377
1.0,0.8,moderate,7,0.2039797382433578,0.6093132077541547,0.47114684839939514,0.45,0.3443368072462442,0.50235,0.1248,1.9280868748390516
1.0,0.8,moderate,8,0.2092838840599237,0.6314325010552668,0.5001862585117397,0.49,0.34127376293810113,0.49775,0.12975,1.9729208252699402
1.0,0.8,moderate,9,0.20101007257985798,0.6036096049269751,0.4682020626887511,0.455,0.3396914244192149,0.4958,0.12795,1.8731393699472774
1.0,0.8,moderate,10,0.19700067149052347,0.5942606339677186,0.457792027504729,0.44,0.33066014969394486,0.4893,0.13655,1.8293474404035228
1.0,0.8,moderate,11,0.2009755658331941,0.585025638015984,0.4588576541110358,0.46,0.33234386918366915,0.49925,0.1306,1.6389934830093815
1.0,0.8,moderate,12,0.20099036025259168,0.5959658701066296,0.4692029724607142,0.49,0.3365978541265904,0.4951,0.1294,1.7344199786660808
1.0,0.8,moderate,13,0.19499988871858975,0.6029335135993444,0.47073415155304943,0.49,0.3445746203340175,0.51165,0.1231,1.8390923853444259
1.0,0.8,moderate,14,0.19750463308565705,0.5814976240502637,0.4474119755579607,0.47,0.3381042942195958,0.4975,0.1296,1.707729220915531
1.0,0.8,moderate,15,0.2033597019723389,0.6227140743700215,0.4991462068584639,0.495,0.3379593600804738,0.5009,0.12865,1.8619726439959
1.0,0.8,moderate,16,0.2097812750531648,0.6187113568169325,0.4945040541486952,0.51,0.337363252126582,0.5043,0.1272,1.8534407461751587
1.0,0.8,moderate,17,0.19257103555442093,0.5608167383788171,0.42441061201452257,0.415,0.3280264856270586,0.49105,0.13465,1.6183478731777874
1.0,0.8,moderate,18,0.2082614068982168,0.5840059082927251,0.47276781244621835,0.47,0.3260076159722668,0.49365,0.13795,1.6088792679071628
1.0,0.8,moderate,19,0.1967325297438272,0.6031427324230214,0.4594075625642451,0.455,0.3406668157917203,0.50805,0.1255,1.8741908108368612
1.0,0.8,moderate,20,0.2100489545648035,0.6077712916459802,0.471219523985905,0.485,0.3381799273893533,0.51385,0.1281,1.8207464393159054
0.2,0.0,polarized,1,0.4381235576236762,0.4616178292784465,0.25799068751551985,0.09,0.12653687798482302,0.8461,0.0006,2.1856756172716074
0.2,0.0,polarized,2,0.4461987608528247,0.4430424493123087,0.23987522998657496,0.085,0.12630013682892915,0.84715,0.00085,2.0255329358331378
0.2,0.0,polarized,3,0.4624882496509265,0.45791016636354037,0.2620074325052939,0.11,0.12657526888765397,0.84605,0.00055,1.9696690809776864
0.2,0.0,polarized,4,0.4495554188053172,0.44862560512049,0.2516016769854164,0.1,0.12667533778712753,0.84235,0.0006,1.9984085265602225
0.2,0.0,polarized,5,0.45381265964869044,0.44422046855072067,0.25462194626310947,0.105,0.12624087512860224,0.843,0.00115,1.8376051957613209
0.2,0.0,polarized,6,0.4671699617076717,0.5008311282394033,0.29975183192003724,0.14,0.12675245933505289,0.84345,0.00045,2.265527643425046
0.2,0.0,polarized,7,0.46164884291421815,0.4522497937095045,0.2540578034152227,0.1,0.12625370848356054,0.85045,0.00075,1.9694509237722755
0.2,0.0,polarized,8,0.467757481256382,0.47395946952298984,0.2742628202298469,0.155,0.12664191056361357,0.8454,0.0005,2.102920079236964
0.2,0.0,polarized,9,0.4530307487494663,0.4738234332532757,0.27523985765594117,0.12,0.12599751041772975,0.86095,0.00055,2.086567167422465
0.2,0.0,polarized,10,0.4438489740586,0.4533247210007545,0.2555000664026215,0.095,0.12620315486522507,0.8537,0.00065,1.982809559450541
0.2,0.0,polarized,11,0.4336341484022485,0.45261430514195383,0.2536554562981362,0.105,0.1264571605724133,0.843,0.00085,2.011161177479106
0.2,0.0,polarized,12,0.4546819236927652,0.4480252930295141,0.24809310602770804,0.115,0.12671253739273836,0.8425,0.00055,1.9577531123158154
0.2,0.0,polarized,13,0.4554049597410974,0.4420378420953537,0.24351685090605218,0.115,0.1263323197167319,0.85025,0.00065,1.8075783419318552
0.2,0.0,polarized,14,0.44336588146456224,0.4441823927020599,0.2497996042117211,0.105,0.12622013590677292,0.8501,0.0008,1.8186902983561613
0.2,0.0,polarized,15,0.43872048715931,0.45209513991482686,0.24749887714793728,0.08,0.12665439551886948,0.846,0.00045,1.9475969798767025
0.2,0.0,polarized,16,0.46438570919571176,0.47409032515197014,0.27808098919345114,0.16,0.12620620374416172,0.8625,0.0002,1.900266684273684
0.2,0.0,polarized,17,0.45545026396036353,0.479551580693953,0.284580545378665,0.15,0.12644454939870628,0.85235,0.0004,2.0446674374594322
0.2,0.0,polarized,18,0.45877393027106683,0.4620652311342876,0.26388902557576555,0.115,0.12647940675043276,0.8464,0.00065,2.0024300241846995
0.2,0.0,polarized,19,0.4357489899408239,0.44975899114667756,0.2498962150345816,0.11,0.12658743492454627,0.8516,0.00025,1.9109517345042335
0.2,0.0,polarized,20,0.47999532124192285,0.49078306561922863,0.2862890969314216,0.145,0.1263857784143618,0.84805,0.0007,1.9562280813368171
0.2,0.2,polarized,1,0.4543305874210945,0.4590186118545643,0.25366899349063954,0.06,0.1257909209616673,0.8634,0.0007,2.207407944403106
0.2,0.2,polarized,2,0.4533215202509389,0.44691717691989014,0.24507372809329425,0.08,0.12610680366486826,0.85425,0.00075,2.0865252588380527
0.2,0.2,polarized,3,0.4390558414918966,0.44483010170508236,0.24448643391374023,0.08,0.12642294265270554,0.85675,0.0002,1.9587011797963652
0.2,0.2,polarized,4,0.463250884937976,0.4738198639419353,0.2722532595803069,0.125,0.12635971362326567,0.85045,0.0006,2.0986053234549016
0.2,0.2,polarized,5,0.4494646338809508,0.45319790771050594,0.25574739354964515,0.105,0.1265300011827533,0.85,0.0004,1.9936754709675613
0.2,0.2,polarized,6,0.42627291287737806,0.4257074360949127,0.22189328976896913,0.06,0.12676051799718518,0.84115,0.00055,2.0562137334430424
0.2,0.2,polarized,7,0.4385900868680278,0.44676659371248933,0.24605850285113756,0.095,0.12611391722940182,0.859,0.0005,1.9051428764300071
0.2,0.2,polarized,8,0.44518363917839693,0.45114555489118485,0.24683338875668184,0.095,0.12653160541901382,0.8491,0.00045,2.124537393498258
0.2,0.2,polarized,9,0.44760729040325314,0.45634218861997483,0.26008436469883556,0.12,0.1259540791414051,0.8632,0.0005,1.9773079930007103
0.2,0.2,polarized,10,0.45248859798725827,0.46676787286773236,0.2682722433105696,0.1,0.12592786054186264,0.8619,0.0006,2.069710097756701
0.2,0.2,polarized,11,0.45076680193922464,0.4500304501708706,0.2570312709818324,0.155,0.12623196422624894,0.85285,0.00065,1.9080592349302758
0.2,0.2,polarized,12,0.4577454516831612,0.44706655610101464,0.2480291578409565,0.12,0.12637185014073035,0.84925,0.00065,1.9994166061941967
0.2,0.2,polarized,13,0.4614656836527065,0.4556243066598956,0.2560168455877771,0.13,0.12660263787092088,0.85125,0.00025,1.9148028888075812
0.2,0.2,polarized,14,0.4350709436940856,0.4484797118870093,0.2472289705100321,0.115,0.1260657669752222,0.85225,0.0009,1.942327654486427
0.2,0.2,polarized,15,0.44595397635296435,0.43892216359006153,0.24018829853545626,0.12,0.1263547922919827,0.8536,0.00045,1.7353433890940049
0.2,0.2,polarized,16,0.4572244301257271,0.4541899982333522,0.24803442211394752,0.085,0.1258481222183667,0.86785,0.0004,2.007342720492644
0.2,0.2,polarized,17,0.4650326242767061,0.45203730113604423,0.2553502343374032,0.09,0.12618597047461225,0.86105,0.0003,1.9990124614304967
0.2,0.2,polarized,18,0.44771245860215186,0.45545667363058756,0.2512056320281668,0.1,0.1264393025054287,0.8525,0.0004,2.0476819641390236
0.2,0.2,polarized,19,0.4768713028104301,0.4839687638587873,0.27953716563381387,0.12,0.12632638362355317,0.85635,0.00035,2.09398962942345
0.2,0.2,polarized,20,0.4402890151639723,0.4488952427059587,0.2492884370385366,0.095,0.12628156890315728,0.8516,0.00065,1.9579662656224435
0.2,0.4,polarized,1,0.4475370622069102,0.4543110555223376,0.2518647852295519,0.08,0.12625669885704868,0.86015,0.00025,2.126183697656919
0.2,0.4,polarized,2,0.43853603271607505,0.4336133670261737,0.22928649449854477,0.065,0.12655470804063543,0.8514,0.0003,2.117791672101673
0.2,0.4,polarized,3,0.46627883513779067,0.4840697085787031,0.27488984559584706,0.085,0.12634957107446662,0.8558,0.00035,2.3815514472262196
0.2,0.4,polarized,4,0.46050896780329587,0.4540805506648745,0.25354892215211144,0.095,0.12605000425850857,0.8614,0.00045,2.0865523661812904
0.2,0.4,polarized,5,0.4346426222861741,0.4557411984506025,0.2518252221698727,0.11,0.12648887647988796,0.8521,0.00035,2.1792281496340222
0.2,0.4,polarized,6,0.4411238435680434,0.4514225321124781,0.2466443300164467,0.095,0.12613541072042886,0.85825,0.0005,2.174065760555404
0.2,0.4,polarized,7,0.4762160349933858,0.46970734645756634,0.2620618989118088,0.08,0.12599746414728208,0.8609,0.00055,2.028901512279753
0.2,0.4,polarized,8,0.4316163378937977,0.4335941939964666,0.23486382445731593,0.085,0.12604192277561943,0.85585,0.00075,1.9973411561486427
0.2,0.4,polarized,9,0.44662051266876757,0.4530595799048433,0.2527478692921275,0.12,0.1259305682321991,0.86465,0.00045,2.0795021291768627
0.2,0.4,polarized,10,0.43473052606933477,0.4405817243323115,0.24767452802022205,0.12,0.12580751644301805,0.8688,0.0004,1.8786952532559116
0.2,0.4,polarized,11,0.4511500705044253,0.4598406241052849,0.2629870456996402,0.115,0.12601034717869328,0.8595,0.0006,1.9924753246908644
0.2,0.4,polarized,12,0.45403530846321305,0.44524098172020715,0.24075117928185272,0.08,0.126271145077583,0.85875,0.0003,1.9857509091962198
0.2,0.4,polarized,13,0.4272283443185477,0.41956224615180476,0.21780098105115106,0.065,0.1263296108674456,0.85625,0.00035,1.8698223924896973
0.2,0.4,polarized,14,0.45282854892463786,0.4565699081728436,0.24803431902323436,0.07,0.12618939079049682,0.8548,0.0006,2.1233528080441975
0.2,0.4,polarized,15,0.45878416047628584,0.46502717857570397,0.2608091467275901,0.105,0.12623333133875303,0.86175,0.0002,1.9158221993833715
0.2,0.4,polarized,16,0.44948117698355383,0.4377198220850193,0.2417473637426876,0.085,0.1257130161480099,0.8675,0.0006,1.9490712938964272
0.2,0.4,polarized,17,0.41965076203633217,0.4244306693163912,0.22779724538126556,0.085,0.12611175079671832,0.86105,0.0004,1.9403693428275726
0.2,0.4,polarized,18,0.4391712842409743,0.43492118804434005,0.24148340579274727,0.1,0.12611565671253303,0.86175,0.00035,1.8828283732951443
0.2,0.4,polarized,19,0.44428265713128084,0.44497314344395905,0.24409715541682897,0.085,0.12593544042352167,0.86175,0.0006,1.9782433066812657
0.2,0.4,polarized,20,0.4438925323753382,0.45342527463609406,0.25620272766171504,0.145,0.1262581692175347,0.85325,0.0006,1.9029490405880107
0.2,0.6,polarized,1,0.44887098742620346,0.4502040964531557,0.2501066948607615,0.11,0.1256527578077111,0.8729,0.0004,2.0741055243453568
0.2,0.6,polarized,2,0.4422149712249033,0.4617171487378768,0.27119969323289544,0.165,0.12560852593687585,0.8681,0.0007,1.8738990704182041
0.2,0.6,polarized,3,0.4302168822370828,0.44049467408011345,0.23877005995304415,0.08,0.1259627770277206,0.8667,0.0003,2.074646135221799
0.2,0.6,polarized,4,0.4583297061530296,0.46354262092800375,0.26321706438448533,0.14,0.12559421485203942,0.8704,0.0006,2.0357866414898544
0.2,0.6,polarized,5,0.4367694582520407,0.4530306851797851,0.2509680649219438,0.1,0.12600778514259417,0.8615,0.0005,2.0293022320505596
0.2,0.6,polarized,6,0.44490454084565184,0.45374282618420864,0.2472987163733441,0.085,0.12607648816187647,0.85975,0.0005,2.236650265652934
0.2,0.6,polarized,7,0.4527352559654338,0.45338280057305413,0.25155831945123247,0.125,0.12598982985739068,0.86415,0.0004,2.0811581076568353
0.2,0.6,polarized,8,0.45719550675931075,0.4518138963055267,0.2488323470389949,0.09,0.12571332329840423,0.8662,0.00065,2.1494977158683404
0.2,0.6,polarized,9,0.4502227479937942,0.46101261895237555,0.25648148748759314,0.095,0.12561192635283702,0.87195,0.0005,2.202144739145691
0.2,0.6,polarized,10,0.45769240438973297,0.45891427273292607,0.2610239742194461,0.12,0.125634507886799,0.8714,0.0005,1.8766273125911774
0.2,0.6,polarized,11,0.4630007709282331,0.4546263952657932,0.25093292680412654,0.09,0.1258988737741508,0.86335,0.00055,2.1700964833541168
0.2,0.6,polarized,12,0.4565228048791198,0.44714170203653336,0.24346900877672112,0.09,0.12628371359962748,0.8603,0.0002,2.040856884447697
0.2,0.6,polarized,13,0.45799349597417005,0.45656785561448787,0.25358914371031405,0.11,0.12564279115434995,0.86525,0.0008,1.866212946920344
0.2,0.6,polarized,14,0.4131401944221399,0.42436580168744714,0.224335702973389,0.05,0.1257815115689586,0.8625,0.00075,1.9394561985506096
0.2,0.6,polarized,15,0.45700915374558915,0.45851282761941886,0.25187441624168316,0.08,0.12602504184279745,0.86415,0.00035,2.160727425070941
0.2,0.6,polarized,16,0.4282724098416991,0.43461536535930406,0.23496565464200247,0.105,0.1256066559558628,0.87315,0.00045,1.894750764942431
0.2,0.6,polarized,17,0.45327649099740036,0.4678754809459803,0.25957185638726293,0.11,0.1257170702694993,0.87125,0.0004,2.237592107407753
0.2,0.6,polarized,18,0.45290790179858176,0.45726769341703866,0.25537335179997667,0.095,0.12592125488959652,0.8659,0.0004,2.035400979398638
0.2,0.6,polarized,19,0.46196529282311444,0.4728922149906923,0.2604724738611928,0.08,0.12595855556819094,0.8678,0.00025,2.2117692463579557
0.2,0.6,polarized,20,0.46530223466822174,0.4686579939167407,0.2676620829672764,0.14,0.12588173811570502,0.86775,0.00035,1.8211008586366781
0.2,0.8,polarized,1,0.4655068770903673,0.43920783340401004,0.23556144265472467,0.06,0.1254732206763229,0.87765,0.0004,2.1193882256720844
0.2,0.8,polarized,2,0.4697100224863802,0.4723822729416943,0.27159000689746254,0.12,0.12583537111847806,0.8681,0.0004,2.0416475267053946
0.2,0.8,polarized,3,0.44754035952678445,0.4484675719819265,0.25114131629189684,0.075,0.1257688159363273,0.86775,0.0005,1.981620652946113
0.2,0.8,polarized,4,0.4532308254509848,0.46782069068700566,0.26381158340647526,0.09,0.12569675339767136,0.8707,0.00045,2.182267674629384
0.2,0.8,polarized,5,0.43949416322356333,0.4433458159401314,0.24362321165449102,0.115,0.12584122161703346,0.86285,0.00065,2.0319112567961155
0.2,0.8,polarized,6,0.44611366928609597,0.42911112269709845,0.23540720447166438,0.105,0.1255530757303805,0.8704,0.00065,1.8880441546401243
0.2,0.8,polarized,7,0.46132042861148365,0.458068929204237,0.24978074580081233,0.09,0.12572812726811747,0.8718,0.00035,2.146162217017552
0.2,0.8,polarized,8,0.45364884040579795,0.4354098321405823,0.22684262184003579,0.065,0.12562212897620562,0.8696,0.0006,2.2576010829505955
0.2,0.8,polarized,9,0.4376623351191449,0.45324150155034376,0.25124175949006916,0.1,0.1254567295518,0.8759,0.0005,2.0799380881843943
0.2,0.8,polarized,10,0.44525551587970463,0.4567463874960835,0.25221650981315835,0.095,0.12550390110639018,0.8777,0.00035,2.1834923524251755
0.2,0.8,polarized,11,0.46637602904264475,0.48235465835727626,0.2768822867372082,0.125,0.12593592632355222,0.8664,0.00035,2.2642378362618905
0.2,0.8,polarized,12,0.4541375595814192,0.4430571625369136,0.24407758938072924,0.105,0.1263418792497842,0.8607,0.0001,1.9135538404345815
0.2,0.8,polarized,13,0.47568427855382156,0.4860909799975828,0.2772105007195273,0.12,0.12566273722407906,0.86955,0.00055,2.0787173266983205
0.2,0.8,polarized,14,0.4632892730937861,0.4751659562096805,0.27407860587993943,0.13,0.12572182332396387,0.8699,0.00045,1.9748165434998113
0.2,0.8,polarized,15,0.46966129685101665,0.4855673751720086,0.2757077673438255,0.12,0.12556791548173682,0.8701,0.00065,1.9737479785208532
0.2,0.8,polarized,16,0.4766773085143873,0.47506646818879056,0.27422345747060206,0.15,0.1250912499199259,0.88465,0.00055,1.9960482518062581
0.2,0.8,polarized,17,0.4574615815611461,0.45714643859947446,0.25056713580517537,0.085,0.12550639312156192,0.8757,0.00045,2.217749962664737
0.2,0.8,polarized,18,0.46893278449790954,0.46607415343104175,0.26959730969473705,0.14,0.12557782545120433,0.87185,0.00055,2.012564720268313
0.2,0.8,polarized,19,0.44079016401872306,0.4520164524544616,0.24700941503810242,0.105,0.1260875519129646,0.86545,0.0002,2.0283280127927936
0.2,0.8,polarized,20,0.44151742888643186,0.4459887754000584,0.24202039542228984,0.075,0.12580226533902714,0.8678,0.00045,1.9162923975116
1.0,0.0,polarized,1,0.47022919106830136,0.8965871133060237,0.8397982928360349,0.905,0.34840778645119,0.5906,0.11655,4.717024788555911
1.0,0.0,polarized,2,0.44345326275709485,0.8648063475604195,0.7972862971032201,0.865,0.34143790084733605,0.58045,0.12045,3.939250617092227
1.0,0.0,polarized,3,0.46410005115887915,0.8425912967646141,0.7748345964526435,0.84,0.341663130092163,0.5779,0.121,3.336525846891558
1.0,0.0,polarized,4,0.4765435463022172,0.8657672184923635,0.8071229634536078,0.885,0.3381735719625088,0.5839,0.1216,3.655543228906736
1.0,0.0,polarized,5,0.43570688765996507,0.8274485360096002,0.7567725611103868,0.805,0.34071390911345234,0.5654,0.1216,3.0807192811744084
1.0,0.0,polarized,6,0.4280224505736966,0.8316699790135064,0.7610832008161593,0.805,0.33627249082102645,0.5638,0.12385,3.1529268514141044
1.0,0.0,polarized,7,0.4760863460158343,0.8703855388148503,0.8007714853457171,0.875,0.3427881986703094,0.5875,0.11985,3.782994263500625
1.0,0.0,polarized,8,0.4702765327933123,0.8502185916854694,0.7804750565791511,0.84,0.34553281963305305,0.5729,0.1188,3.317816278452782
1.0,0.0,polarized,9,0.4513811207648009,0.8920020870956481,0.8311014392437625,0.89,0.34777962968884796,0.58475,0.11735,4.414755390499423
1.0,0.0,polarized,10,0.4259079335169467,0.8482281459972291,0.7818557492326974,0.86,0.3450911213393914,0.57235,0.1189,3.374791734820019
1.0,0.0,polarized,11,0.45061967525033614,0.8622925911514234,0.801470170644487,0.875,0.3375510298073419,0.5772,0.1224,3.5736565951305934
1.0,0.0,polarized,12,0.44118673120825674,0.8699191103984835,0.7964310919423042,0.87,0.3378065980168817,0.58265,0.1218,3.637831876607319
1.0,0.0,polarized,13,0.4440125133488195,0.8588221505994502,0.7853613173290916,0.86,0.3414410017505844,0.5822,0.1202,3.4188433664914557
1.0,0.0,polarized,14,0.44001668275342654,0.8500346274705817,0.7750035132757241,0.83,0.3438178039039424,0.571,0.11995,3.2737866364932855
1.0,0.0,polarized,15,0.46127586838590723,0.8861263944238178,0.8234011917868048,0.91,0.34374341165545474,0.59425,0.11835,3.6587191281804317
1.0,0.0,polarized,16,0.46215483318774575,0.8646738227770208,0.7941783774515802,0.87,0.3479543978049831,0.592,0.1164,3.87003478135901
1.0,0.0,polarized,17,0.451730962807317,0.878294597507794,0.8115993847122954,0.885,0.3469774302465682,0.58555,0.11735,4.172938830272252
1.0,0.0,polarized,18,0.4410174011549286,0.8550103211010759,0.7830270944182922,0.855,0.34818770568285673,0.5765,0.11735,3.8400404787629627
1.0,0.0,polarized,19,0.4538280205339396,0.8783561785647166,0.8057824650210628,0.89,0.34353512541773684,0.5763,0.11925,3.6296007366991407
1.0,0.0,polarized,20,0.44830274756341365,0.8574538976116205,0.7713824687373919,0.845,0.34601926197411315,0.5723,0.11865,3.002229736904738
1.0,0.2,polarized,1,0.45286071454054094,0.8701316976834282,0.8023910086541167,0.875,0.34721888998340106,0.59075,0.1167,4.050609715099799
1.0,0.2,polarized,2,0.45485093714953223,0.8653368027656088,0.803830226495831,0.87,0.3443094439784776,0.5927,0.11815,3.6858732781603303
1.0,0.2,polarized,3,0.444667057853714,0.8743789781380087,0.8046957868962125,0.885,0.34230660636814464,0.583,0.1197,3.9081021096985187
1.0,0.2,polarized,4,0.44902074378111334,0.846692163645823,0.7772768849773825,0.845,0.3479207942289412,0.5737,0.11725,3.2404523871617616
1.0,0.2,polarized,5,0.4522106305428775,0.8747410167777798,0.8093421191365044,0.865,0.3491812099740367,0.5853,0.11615,4.102550433815442
1.0,0.2,polarized,6,0.4519375616755208,0.8523911964223352,0.7852513421205137,0.845,0.3387250761418051,0.5752,0.1219,3.53712279787362
1.0,0.2,polarized,7,0.4493262492746098,0.8594281672067493,0.7808060887532442,0.875,0.3461160640644589,0.58765,0.11725,3.4573092962511027
1.0,0.2,polarized,8,0.4513243536216969,0.850749564897265,0.7773423457126453,0.825,0.3466827874483031,0.5782,0.11765,3.5845941854825925
1.0,0.2,polarized,9,0.4407976538936484,0.8650082234487232,0.8009017547664615,0.865,0.34631443990102667,0.5866,0.11745,3.7487928464605584
1.0,0.2,polarized,10,0.45600862932703223,0.8476344996620634,0.7729198521234535,0.84,0.34622795371685267,0.58565,0.11795,3.622926590401456
1.0,0.2,polarized,11,0.47255755578853736,0.8805089311569506,0.8129413705575814,0.87,0.34665896605574503,0.58665,0.1177,4.156566271871304
1.0,0.2,polarized,12,0.46297055395999315,0.8473817371095145,0.7754126142076154,0.845,0.344459750517951,0.5795,0.11905,3.402080491870096
1.0,0.2,polarized,13,0.4399307939369163,0.8389452201373646,0.7584276016083664,0.83,0.34173804088189014,0.57335,0.1207,2.8478494057754324
1.0,0.2,polarized,14,0.4550682404820072,0.847715627758064,0.7854981619525907,0.855,0.34891461843514165,0.58125,0.11725,3.2214411878410516
1.0,0.2,polarized,15,0.43176239742084777,0.8383468551414659,0.7508409391873484,0.835,0.3501616842327546,0.57585,0.1165,3.253619475374351
1.0,0.2,polarized,16,0.4604566909932757,0.8450861146774769,0.7683371296984481,0.855,0.3509564943959681,0.58985,0.11565,3.3496946738586204
1.0,0.2,polarized,17,0.4310685752482928,0.8599461000194079,0.7900269976458091,0.845,0.3487886546118756,0.5736,0.1173,3.766189282336549
1.0,0.2,polarized,18,0.44563193962731956,0.8479423524508692,0.7700441485234202,0.84,0.3427646297666794,0.5735,0.11995,3.4081852329334437
1.0,0.2,polarized,19,0.47290986030083665,0.8611681594003413,0.7924629733629215,0.855,0.35138572904022597,0.5915,0.11525,3.6262014215844056
1.0,0.2,polarized,20,0.4469865931473997,0.8581749755114765,0.7799832445548424,0.85,0.34651710672662195,0.57485,0.1187,3.4563670641179987
1.0,0.4,polarized,1,0.46279002895655447,0.8706948015864849,0.8109122379210182,0.875,0.35285224967525863,0.588,0.1143,3.7891122985916947
1.0,0.4,polarized,2,0.4564462903874636,0.8759598902789727,0.8143149674303823,0.89,0.3505325111747887,0.58525,0.1154,3.997965574907439
1.0,0.4,polarized,3,0.43698450104025754,0.8477794649766747,0.7756188060945616,0.83,0.3455922772435075,0.5717,0.1191,3.477569149886827
1.0,0.4,polarized,4,0.454854715289109,0.8245095350549397,0.7520619332040749,0.825,0.34288546842530354,0.57505,0.1202,3.0732157281004433
1.0,0.4,polarized,5,0.46519369137459426,0.8722953975890703,0.8045769058092156,0.87,0.3437355697304574,0.58275,0.119,3.841496169425806
1.0,0.4,polarized,6,0.4567633669546592,0.8610132402529516,0.8017723755757313,0.865,0.34754050299041034,0.58685,0.11695,3.3363808579857706
1.0,0.4,polarized,7,0.4624422448655434,0.8559561850468492,0.7832469784176402,0.84,0.34945531359668874,0.57745,0.11665,3.4853980892823264
1.0,0.4,polarized,8,0.45717795199886935,0.8600155144079585,0.7862652253012786,0.85,0.34733546351966454,0.57975,0.11755,3.7887307071828196
1.0,0.4,polarized,9,0.45631739299507584,0.868217411357472,0.8009408557895407,0.87,0.35712896057874244,0.5818,0.1135,3.982942236264703
1.0,0.4,polarized,10,0.4829596112578514,0.8805808060319714,0.8156273881618028,0.9,0.3506085177207013,0.60355,0.11445,4.275613393274115
1.0,0.4,polarized,11,0.4429238555007891,0.8473426625387992,0.7793424359780168,0.835,0.34817459587633337,0.57095,0.1177,3.43313896177951
1.0,0.4,polarized,12,0.4665575870653903,0.8636190233590244,0.7783781445949723,0.85,0.342950141750641,0.5879,0.11915,3.348801099977532
1.0,0.4,polarized,13,0.4742284542491386,0.8685452011807041,0.7933516143588176,0.87,0.35509920221448965,0.5938,0.1134,3.243236471617414
1.0,0.4,polarized,14,0.4081044820597194,0.8377206824570831,0.7523471741257848,0.805,0.3431804831485367,0.5594,0.1204,3.2848290402954037
1.0,0.4,polarized,15,0.44256767020200294,0.8398526548864528,0.7507441901173283,0.845,0.3458232465173456,0.5771,0.11835,2.8819280028443743
1.0,0.4,polarized,16,0.4477185508768635,0.8798405877656372,0.8041216106469077,0.9,0.3532280366695653,0.5922,0.1138,3.607276429632259
1.0,0.4,polarized,17,0.4015443742611619,0.8297306146510178,0.7499845663692074,0.81,0.3501090659387823,0.56365,0.1173,3.34462126769223
1.0,0.4,polarized,18,0.4364807411750492,0.8409448467548907,0.7676880795635097,0.84,0.3461961978913946,0.57155,0.1186,3.1969934832268536
1.0,0.4,polarized,19,0.4400128343678271,0.8553239540242328,0.7723318806937114,0.85,0.3536706577355211,0.57805,0.1152,3.4348602892874203
1.0,0.4,polarized,20,0.46686273115931265,0.8572662802078406,0.7715108285601812,0.85,0.3493245294603311,0.58505,0.1161,2.951911515392296
1.0,0.6,polarized,1,0.45960598332159813,0.8662107879158114,0.7926526373185468,0.855,0.35294379996517733,0.5931,0.1141,3.83439623539986
1.0,0.6,polarized,2,0.43163250924705,0.846716265725673,0.7726729584750737,0.845,0.3454023501623953,0.57985,0.1187,3.5608937923188364
1.0,0.6,polarized,3,0.465830680249465,0.8564158904160344,0.7852823856703302,0.86,0.3490096678991875,0.5811,0.11665,3.742550637056968
1.0,0.6,polarized,4,0.42383800602788213,0.8349661825904232,0.7563680540134723,0.81,0.35012032195925763,0.5727,0.11665,3.4281307456105603
1.0,0.6,polarized,5,0.46065426567613477,0.8738760342816895,0.8102755107379693,0.89,0.3470576661077953,0.5806,0.1205,4.116859845549225
1.0,0.6,polarized,6,0.4549631525524452,0.8687337767811077,0.801738327203542,0.87,0.3493909874129855,0.5843,0.1165,3.8298820752915397
1.0,0.6,polarized,7,0.4583723018794732,0.8572713584728424,0.7862654690343986,0.875,0.350246850024191,0.57915,0.11635,3.409624980571422
1.0,0.6,polarized,8,0.4556675088701136,0.8712126755378954,0.7994323413282056,0.875,0.3483727485824126,0.5887,0.1167,4.2526136102388765
1.0,0.6,polarized,9,0.43905454114773435,0.8541383485513626,0.7782390706910544,0.845,0.3532527917473449,0.5877,0.11415,3.5843099635832845
1.0,0.6,polarized,10,0.4427672267301845,0.8786911651546722,0.8102825153722907,0.87,0.35543091336509713,0.58645,0.11335,4.091059319791907
1.0,0.6,polarized,11,0.4501272365881004,0.8811372874848818,0.8100600008881316,0.875,0.34998609023079735,0.5807,0.11625,4.807118633794204
1.0,0.6,polarized,12,0.44860027559214033,0.8473607566533659,0.7692402685183453,0.84,0.3489768762139751,0.58475,0.11645,3.303207410326593
1.0,0.6,polarized,13,0.4207051908256875,0.8513732697571834,0.7703943043119635,0.84,0.3502803881211025,0.5763,0.1162,3.38787962979849
1.0,0.6,polarized,14,0.4514643224993363,0.8764210492816551,0.8058008053481451,0.89,0.35416669575456056,0.5782,0.11685,3.924494815203104
1.0,0.6,polarized,15,0.44621735642231514,0.8322645325239075,0.7524917863998476,0.83,0.3524736770805096,0.58245,0.11535,3.07773208630487
1.0,0.6,polarized,16,0.4534171931379092,0.8657623839748022,0.7815777425999836,0.885,0.3591464832419446,0.5922,0.1113,3.354926121750173
1.0,0.6,polarized,17,0.44867649355342903,0.8579647645912387,0.7781356807355039,0.845,0.3528086679558774,0.5843,0.1148,4.166475860961986
1.0,0.6,polarized,18,0.45019092852735026,0.8632671472825664,0.7859341487970124,0.87,0.35089536227319784,0.5896,0.1157,3.6704160872188214
1.0,0.6,polarized,19,0.44652781430984584,0.8740611393705814,0.7971087082608617,0.875,0.35291158228045155,0.58905,0.114,3.62817400450597
1.0,0.6,polarized,20,0.4600854891420257,0.8589636667337004,0.77915617134222,0.86,0.3492234196535553,0.58445,0.1162,3.1088716659393154
1.0,0.8,polarized,1,0.44492387134152517,0.8521845371168504,0.7788188781663361,0.84,0.35380820108245503,0.59125,0.11415,3.7255158592344846
1.0,0.8,polarized,2,0.4522187181048301,0.865422508548006,0.7988045772927086,0.885,0.34523914600947103,0.5825,0.1199,3.66084846148681
1.0,0.8,polarized,3,0.4439291456184311,0.8545965000322507,0.7819495445993329,0.845,0.35262115833634483,0.589,0.11625,3.6829176265376686
1.0,0.8,polarized,4,0.46252571516497654,0.8877979117399312,0.826866213076148,0.91,0.35173112636186377,0.5946,0.11745,4.389181234972042
1.0,0.8,polarized,5,0.4525169739107228,0.8590691784569671,0.7928312940503582,0.865,0.3526642074536211,0.589,0.11435,3.568911994632693
1.0,0.8,polarized,6,0.4414298718817868,0.8432048952847524,0.7685041102409955,0.84,0.3504855221684764,0.57815,0.1169,3.3906579713094644
1.0,0.8,polarized,7,0.47293000374001937,0.8611739863129748,0.7870982907088455,0.86,0.3524139362048905,0.598,0.1144,3.2761713544635818
1.0,0.8,polarized,8,0.4811538699841622,0.8297275805460008,0.7602592618276356,0.825,0.35238825569588395,0.5901,0.11465,3.1057866548349775
1.0,0.8,polarized,9,0.44120192644719386,0.8427349619907758,0.7585086413956563,0.84,0.3517582238021413,0.5892,0.11495,3.83813395215779
1.0,0.8,polarized,10,0.457264621477713,0.8802881784513014,0.8164116607944355,0.905,0.3560099585346552,0.597,0.11425,4.199521065113439
1.0,0.8,polarized,11,0.4420237849883099,0.828303249532971,0.7514936234550538,0.825,0.3470167159463249,0.575,0.1185,3.243359139516396
1.0,0.8,polarized,12,0.45862408734788057,0.8753800694217335,0.798363544136173,0.89,0.34823447189988566,0.583,0.12155,3.1794300180650388
1.0,0.8,polarized,13,0.4380583703452456,0.8608002351458397,0.781904281795394,0.86,0.3510402608853817,0.57095,0.11895,3.597264071442807
1.0,0.8,polarized,14,0.43124875816895036,0.8734410164715913,0.7986873667476305,0.87,0.3515531480802963,0.58095,0.11595,3.7349054935944266
1.0,0.8,polarized,15,0.4561577736450228,0.8519677720774093,0.7776633684895305,0.865,0.35894458004253765,0.5868,0.1114,3.3369655226471124
1.0,0.8,polarized,16,0.4489949306819284,0.8621203976963467,0.7752627275740014,0.87,0.35425379531217177,0.6004,0.11285,3.362954321425647
1.0,0.8,polarized,17,0.45293249836362065,0.8628115931791173,0.7897661227919295,0.87,0.35152591096208835,0.58635,0.116,4.055057404014003
1.0,0.8,polarized,18,0.47987949647527567,0.8807107574010559,0.8114319923181202,0.895,0.3523970006797748,0.6056,0.1138,3.907505212519085
1.0,0.8,polarized,19,0.4464721446577642,0.859113769073328,0.7885881355740563,0.87,0.34975472581037265,0.58375,0.11655,3.652304526298788
1.0,0.8,polarized,20,0.4502832967553499,0.8590337854949763,0.7833177845924456,0.845,0.3552969235147892,0.5852,0.11355,3.1828050200323856
0.2,0.0,uniform,1,0.5380338813570394,0.5182924289727456,0.33812306696605665,0.195,0.12584742727036746,0.86595,0.0005,1.963633110787207
0.2,0.0,uniform,2,0.5039942537498406,0.5192719991410913,0.3602436797587156,0.325,0.12604585152368344,0.8617,0.00045,1.7067984961945295
0.2,0.0,uniform,3,0.4890296296058673,0.494822918271049,0.3178839884774643,0.21,0.12608806906834655,0.8566,0.00065,1.830115858977108
0.2,0.0,uniform,4,0.5382270372131428,0.5284649619916028,0.3587844695740594,0.275,0.1258299434153221,0.86245,0.0007,1.8676062241062559
0.2,0.0,uniform,5,0.5029302632833011,0.4982421046326182,0.32827558000924534,0.225,0.1263543511525762,0.8526,0.0005,1.7623368332586995
0.2,0.0,uniform,6,0.5186356672752157,0.5127721900729187,0.3487318811028038,0.275,0.1261857732524563,0.8599,0.00035,1.742422192296297
0.2,0.0,uniform,7,0.513637667411623,0.501531979508158,0.32732083228578335,0.255,0.12571302811668444,0.8645,0.00075,1.7425410732899027
0.2,0.0,uniform,8,0.5087707013838418,0.5101682879650599,0.33831140146079064,0.25,0.1260148289731898,0.86335,0.0004,1.791027231588407
0.2,0.0,uniform,9,0.5037796340055101,0.493608693895496,0.33719522296088933,0.27,0.12556437907442775,0.87215,0.00055,1.6139496635710682
0.2,0.0,uniform,10,0.4783554051954107,0.4660035475476927,0.30157551666622473,0.235,0.12585287314925478,0.86685,0.00045,1.602454228181584
0.2,0.0,uniform,11,0.5245057294818782,0.5131938109173564,0.3415000740145133,0.27,0.12616763458621322,0.8604,0.00035,1.8338294118638216
0.2,0.0,uniform,12,0.5092713362654364,0.49969354153630474,0.3195323055823792,0.225,0.12618965424822343,0.85875,0.0004,1.7845802088120797
0.2,0.0,uniform,13,0.525746492476239,0.5131434045542399,0.333389984039205,0.24,0.1260147803940134,0.8595,0.0006,1.7837464022539917
0.2,0.0,uniform,14,0.49961878918402114,0.5038071815406673,0.3379382089018445,0.275,0.12587327802291223,0.8612,0.0007,1.7155524409783076
0.2,0.0,uniform,15,0.49128662390873923,0.5018444904766032,0.32181686565509254,0.235,0.12607469299620183,0.85895,0.00055,1.7504897963299826
0.2,0.0,uniform,16,0.5398227235682644,0.525012697216896,0.3565513166229981,0.3,0.12562205571538365,0.8719,0.0005,1.7742913679546688
0.2,0.0,uniform,17,0.501087792958863,0.5020583668684971,0.3331499225735932,0.225,0.12584638028014003,0.86985,0.0003,1.7589452031299604
0.2,0.0,uniform,18,0.5282595433746189,0.5474085945673894,0.375758141608988,0.305,0.12617595273402,0.85655,0.00055,1.9387067104925522
0.2,0.0,uniform,19,0.4817971947725576,0.47756284189792764,0.3103741370627644,0.23,0.12592508519687404,0.8608,0.00065,1.6644318463930232
0.2,0.0,uniform,20,0.527119700541352,0.5276149936065466,0.35422441574830776,0.28,0.12570714238243116,0.8684,0.00055,1.7846182250036975
0.2,0.2,uniform,1,0.5380338813570394,0.5346686355122116,0.36403247414024137,0.31,0.12572450551290607,0.86825,0.00055,1.9122632078614994
0.2,0.2,uniform,2,0.5039942537498406,0.4985343386059962,0.33259586463802066,0.255,0.12555868360860503,0.8694,0.0007,1.677930368927983
0.2,0.2,uniform,3,0.4890296296058673,0.49913922019039925,0.32681383128363223,0.27,0.12560494246415518,0.8673,0.00075,1.7620462300030142
0.2,0.2,uniform,4,0.5382270372131428,0.5329532095710979,0.3593828349324857,0.265,0.12572967339975238,0.8681,0.00055,1.9414329216901953
0.2,0.2,uniform,5,0.5029302632833011,0.49800232626718915,0.3320692089787633,0.26,0.12596375154046627,0.86165,0.00055,1.7179666365317423
0.2,0.2,uniform,6,0.5186356672752157,0.543174996103473,0.3754205950765158,0.295,0.12557824126714404,0.8697,0.00065,1.920707387489628
0.2,0.2,uniform,7,0.513637667411623,0.48790893200833535,0.31858904268865956,0.225,0.12592082427656734,0.86795,0.0003,1.676628498700347
0.2,0.2,uniform,8,0.5087707013838418,0.5074335729647715,0.3344581372538755,0.235,0.12600066142853666,0.8639,0.0004,1.8303941414709661
0.2,0.2,uniform,9,0.5037796340055101,0.5071174218020972,0.34271171148648816,0.255,0.12549413347308488,0.87405,0.00055,1.7313129654598285
0.2,0.2,uniform,10,0.4783554051954107,0.4593735345584025,0.28764621692380377,0.18,0.1255855941661341,0.8708,0.0006,1.6458892461466075
0.2,0.2,uniform,11,0.5245057294818782,0.5093449678699912,0.34908188573031046,0.29,0.12592130522890232,0.8687,0.00025,1.6992653290667787
0.2,0.2,uniform,12,0.5092713362654364,0.5022686931357494,0.3350097061117579,0.265,0.12551752039767783,0.8674,0.00085,1.6386697528239118
0.2,0.2,uniform,13,0.525746492476239,0.5018217435304518,0.32396094702756334,0.24,0.12570228357739038,0.87155,0.0004,1.732449659663332
0.2,0.2,uniform,14,0.49961878918402114,0.5044363248464405,0.3434414832471505,0.28,0.12559272511854006,0.86865,0.0007,1.68014946504396
0.2,0.2,uniform,15,0.49128662390873923,0.5007872001845624,0.32866919278733014,0.265,0.12565025056836737,0.8681,0.00065,1.716897933916466
0.2,0.2,uniform,16,0.5398227235682644,0.529629091598251,0.35105917530183617,0.265,0.12549212802941803,0.87625,0.00045,1.8714106696237804
0.2,0.2,uniform,17,0.501087792958863,0.4959013942624756,0.33138236598977,0.255,0.1256663956530836,0.87355,0.00035,1.6972602125059124
0.2,0.2,uniform,18,0.5282595433746189,0.5243007631232439,0.35649925136572774,0.26,0.12568908609472904,0.87205,0.0004,1.8353758775876516
0.2,0.2,uniform,19,0.4817971947725576,0.47769696048460825,0.3060399015367906,0.205,0.1258596783637383,0.8666,0.00045,1.6590495901293134
0.2,0.2,uniform,20,0.527119700541352,0.5268878028564119,0.3556978403891548,0.315,0.1256937310742127,0.87265,0.00035,1.7964868569146046
0.2,0.4,uniform,1,0.5380338813570394,0.5202137617097127,0.34593595063101756,0.245,0.12590427689777908,0.8674,0.00035,1.8911399899175527
0.2,0.4,uniform,2,0.5039942537498406,0.5041445885814935,0.3379597001397907,0.275,0.12531417157293728,0.8797,0.0005,1.704423941347736
0.2,0.4,uniform,3,0.4890296296058673,0.4841989920754504,0.3131557286513488,0.215,0.12545423060175087,0.87205,0.0007,1.7066264404405647
0.2,0.4,uniform,4,0.5382270372131428,0.5216982587872239,0.3448535568168218,0.265,0.12557898738914258,0.87675,0.0003,1.9334443816567557
0.2,0.4,uniform,5,0.5029302632833011,0.4986239936783949,0.32856017455809267,0.255,0.12547633280047035,0.8715,0.0007,1.7634135140947642
0.2,0.4,uniform,6,0.5186356672752157,0.5078935007949128,0.3436960398254822,0.265,0.12544157077705245,0.8698,0.00085,1.7281093701103687
0.2,0.4,uniform,7,0.513637667411623,0.5024508666153653,0.32871474068421974,0.275,0.12569620424547878,0.8728,0.00035,1.6937302367220546
0.2,0.4,uniform,8,0.5087707013838418,0.5050907274595366,0.3309160180151855,0.245,0.12577168221989565,0.87265,0.00025,1.8252629457931047
0.2,0.4,uniform,9,0.5037796340055101,0.505878737027374,0.341593790369565,0.29,0.12547617082803536,0.87855,0.00035,1.7166949157271323
0.2,0.4,uniform,10,0.4783554051954107,0.4857861939209949,0.3126184731045212,0.24,0.12523821170086064,0.87585,0.0008,1.7151283298886548
0.2,0.4,uniform,11,0.5245057294818782,0.5367319228097008,0.36633972284269034,0.31,0.12580629138866672,0.8689,0.0004,1.906006475305918
0.2,0.4,uniform,12,0.5092713362654364,0.48097484691357295,0.3162111442153903,0.23,0.1254906476432504,0.8759,0.00045,1.6245674420315552
0.2,0.4,uniform,13,0.525746492476239,0.525602001089271,0.35542021684216435,0.32,0.12555659976397307,0.87535,0.0004,1.7297753202644648
0.2,0.4,uniform,14,0.49961878918402114,0.47914950272161877,0.31527916004411316,0.245,0.12564394617541358,0.8701,0.00055,1.6243928261184228
0.2,0.4,uniform,15,0.49128662390873923,0.4790974963118096,0.30507863100226784,0.215,0.12553520859144462,0.8701,0.0007,1.6175392804185817
0.2,0.4,uniform,16,0.5398227235682644,0.5254223503817067,0.34688630931349623,0.245,0.12533228479687306,0.88135,0.0004,1.9436663206393132
0.2,0.4,uniform,17,0.501087792958863,0.4893232882558479,0.32537730772513923,0.26,0.12528022973748373,0.8836,0.00035,1.6702365396797219
0.2,0.4,uniform,18,0.5282595433746189,0.5316980691838145,0.3581140581943316,0.255,0.12560484344748307,0.875,0.00035,1.9166413304779846
0.2,0.4,uniform,19,0.4817971947725576,0.4925518630682767,0.3218033736857004,0.25,0.12537536624184567,0.8791,0.00045,1.6806211667198658
0.2,0.4,uniform,20,0.527119700541352,0.5188492992951699,0.3516536067484368,0.29,0.12540312110547627,0.87725,0.0005,1.7485795727629376
0.2,0.6,uniform,1,0.5380338813570394,0.5343539766716412,0.35104776661456255,0.23,0.12542079619894644,0.8771,0.0005,2.0817907806970215
0.2,0.6,uniform,2,0.5039942537498406,0.5094473520912055,0.3435927801425291,0.26,0.12582415332704833,0.8733,0.00015,1.7240139875831662
0.2,0.6,uniform,3,0.4890296296058673,0.4975289465704331,0.3277689179510653,0.27,0.12554309660541918,0.87665,0.00035,1.7272807797400027
0.2,0.6,uniform,4,0.5382270372131428,0.5255318933244076,0.3525640480520766,0.285,0.1254047472421834,0.8802,0.00035,1.886646838899967
0.2,0.6,uniform,5,0.5029302632833011,0.49597371021381276,0.32354151447835205,0.235,0.1257626333915295,0.8698,0.0004,1.7819761308194138
0.2,0.6,uniform,6,0.5186356672752157,0.4928985939375678,0.32382452953144963,0.275,0.12575861249340697,0.8719,0.0003,1.7275929444309888
0.2,0.6,uniform,7,0.513637667411623,0.5171429811611583,0.3435562308638457,0.27,0.12527367743784068,0.87775,0.00065,1.763606423950361
0.2,0.6,uniform,8,0.5087707013838418,0.5207160715874363,0.3490438308349289,0.28,0.12560440084210142,0.87515,0.00035,1.8397895817978824
0.2,0.6,uniform,9,0.5037796340055101,0.5067113264358177,0.34437927419200826,0.28,0.1250345070395989,0.8909,0.0003,1.7068796679031437
0.2,0.6,uniform,10,0.4783554051954107,0.4825472542340543,0.31301679684217154,0.23,0.12530940334072516,0.88265,0.00035,1.7021112686481135
0.2,0.6,uniform,11,0.5245057294818782,0.5352881127725995,0.3663072115434086,0.29,0.12543757298381195,0.87825,0.0004,1.8949335858533085
0.2,0.6,uniform,12,0.5092713362654364,0.5100501698751088,0.33518478329198476,0.255,0.12529150093242575,0.87745,0.00065,1.7559059722021404
0.2,0.6,uniform,13,0.525746492476239,0.5262106827124968,0.35968591218494966,0.29,0.12542148543342452,0.8807,0.0003,1.7492965605879807
0.2,0.6,uniform,14,0.49961878918402114,0.5076260979198461,0.3428092106307495,0.305,0.12553154821402518,0.8751,0.00045,1.6500866412939033
0.2,0.6,uniform,15,0.49128662390873923,0.49954522513803346,0.31946388943824594,0.235,0.12551343732608772,0.8754,0.00045,1.7063809184214938
0.2,0.6,uniform,16,0.5398227235682644,0.5393483525819974,0.37230634359516446,0.295,0.12496991805585388,0.88975,0.00045,1.887785100227221
0.2,0.6,uniform,17,0.501087792958863,0.5119666816131148,0.34091693355226654,0.275,0.12521780922381837,0.88515,0.00035,1.7935038370905916
0.2,0.6,uniform,18,0.5282595433746189,0.5244482243560423,0.35390764901897526,0.27,0.12527906182278342,0.8816,0.00045,1.826832578601975
0.2,0.6,uniform,19,0.4817971947725576,0.4901401751024932,0.3147476093572818,0.25,0.1252038334951838,0.8864,0.0003,1.7274695400816178
0.2,0.6,uniform,20,0.527119700541352,0.5187309782262159,0.34526012776738196,0.27,0.12537518700176503,0.879,0.00045,1.8072850590938827
0.2,0.8,uniform,1,0.5380338813570394,0.5282371763451182,0.3547350777915172,0.305,0.1253703396049023,0.88115,0.00035,1.8626692121962247
0.2,0.8,uniform,2,0.5039942537498406,0.49261801811997186,0.32586102205903217,0.23,0.125047453780005,0.8837,0.00065,1.7047893317535143
0.2,0.8,uniform,3,0.4890296296058673,0.49167135201797896,0.3199894725525551,0.255,0.12526830371397307,0.8789,0.0006,1.749458484056914
0.2,0.8,uniform,4,0.5382270372131428,0.5444740111868789,0.3690842114460963,0.295,0.12519258018234425,0.88285,0.0005,2.005056414458057
0.2,0.8,uniform,5,0.5029302632833011,0.4790132507443694,0.3136220119959566,0.25,0.12536255907058774,0.8802,0.0004,1.6508662542301655
0.2,0.8,uniform,6,0.5186356672752157,0.5194897069287009,0.35483343759038405,0.285,0.12551766050599156,0.8763,0.0004,1.787945678254767
0.2,0.8,uniform,7,0.513637667411623,0.5018248771539362,0.32034571289180563,0.24,0.12510578138488498,0.8853,0.0005,1.667765444636406
0.2,0.8,uniform,8,0.5087707013838418,0.5159701654367796,0.34131465249773585,0.27,0.1254349029682179,0.8805,0.0003,1.8730876369663665
0.2,0.8,uniform,9,0.5037796340055101,0.489766594836416,0.32019681274623146,0.26,0.1247772891373239,0.8948,0.00045,1.7265606539503293
0.2,0.8,uniform,10,0.4783554051954107,0.49838773845221196,0.3234535827985399,0.23,0.12507270519957264,0.88795,0.0004,1.7487339053751203
0.2,0.8,uniform,11,0.5245057294818782,0.5201071163914812,0.35289455094066113,0.28,0.1251926878404452,0.88475,0.0004,1.8120743292349393
0.2,0.8,uniform,12,0.5092713362654364,0.5006424304826433,0.32983483127908003,0.265,0.12536885504488104,0.87735,0.00055,1.6826120320584863
0.2,0.8,uniform,13,0.525746492476239,0.5175707184174542,0.33717914171556884,0.25,0.12520800244805422,0.88435,0.0004,1.8175991858928484
0.2,0.8,uniform,14,0.49961878918402114,0.5004594972331385,0.33427820171747524,0.265,0.12544848974773015,0.8791,0.00035,1.6777512631994287
0.2,0.8,uniform,15,0.49128662390873923,0.48317287967679834,0.30320207828066087,0.225,0.12546289784141304,0.8777,0.0004,1.7495090795633574
0.2,0.8,uniform,16,0.5398227235682644,0.5327922253518249,0.35084436442916006,0.24,0.12474998975245223,0.89355,0.00055,1.9462559309740237
0.2,0.8,uniform,17,0.501087792958863,0.5018886682743574,0.3367862617838654,0.225,0.12520125495954404,0.8846,0.0004,1.7209948597921203
0.2,0.8,uniform,18,0.5282595433746189,0.5350618692314982,0.35702139012847683,0.255,0.12524810195730082,0.88625,0.00025,1.9792761515406188
0.2,0.8,uniform,19,0.4817971947725576,0.49433164306843025,0.31450162713745966,0.21,0.12548046556050907,0.88215,0.00015,1.782166873676056
0.2,0.8,uniform,20,0.527119700541352,0.529660514111645,0.3556277279421814,0.285,0.1252989099731644,0.8869,0.00015,1.8249193949452993
1.0,0.0,uniform,1,0.5380338813570394,0.8527233209681137,0.7817012005368542,0.835,0.3413742262160146,0.59535,0.11945,3.6465918740310292
1.0,0.0,uniform,2,0.5039942537498406,0.8187579061432522,0.749020737761568,0.8,0.34040148235748346,0.5909,0.12025,2.935173046867366
1.0,0.0,uniform,3,0.4890296296058673,0.8156429426152638,0.7332786201494278,0.785,0.3396247005114363,0.5841,0.1211,2.894637135405724
1.0,0.0,uniform,4,0.5382270372131428,0.8441158420084125,0.7753118644984721,0.835,0.339441491316922,0.59355,0.1203,3.3393528647167505
1.0,0.0,uniform,5,0.5029302632833011,0.7966518331805641,0.7334879354365349,0.785,0.33426917706129666,0.58275,0.1237,2.5336890922156536
1.0,0.0,uniform,6,0.5186356672752157,0.8274657620387089,0.7543810572792572,0.8,0.33837638081434995,0.5785,0.12215,3.1382112786907634
1.0,0.0,uniform,7,0.513637667411623,0.810490103620167,0.7146950448186178,0.785,0.3384865828591323,0.59215,0.1212,2.7289963463136173
1.0,0.0,uniform,8,0.5087707013838418,0.8403081093202616,0.7692572015134662,0.84,0.3424585117493289,0.58395,0.11955,3.343991965990784
1.0,0.0,uniform,9,0.5037796340055101,0.8124420925994039,0.7285950293097343,0.78,0.34126487049640575,0.58035,0.1203,2.9438335961994966
1.0,0.0,uniform,10,0.4783554051954107,0.8075188055139735,0.7285474014141251,0.775,0.3438386004178605,0.58035,0.1194,2.844533972410438
1.0,0.0,uniform,11,0.5245057294818782,0.8272579383746578,0.7574756153967951,0.805,0.33754413777879316,0.58115,0.1222,3.020669045206207
1.0,0.0,uniform,12,0.5092713362654364,0.8291314409547512,0.7462979633569651,0.81,0.3385169440730046,0.58305,0.12165,3.002382778408458
1.0,0.0,uniform,13,0.525746492476239,0.8328409654273784,0.7463810729682199,0.82,0.344610631519809,0.59175,0.1184,2.899755144315527
1.0,0.0,uniform,14,0.49961878918402114,0.7945395417813381,0.7144244986821726,0.78,0.3378938823551956,0.57725,0.12295,2.7081426677897196
1.0,0.0,uniform,15,0.49128662390873923,0.791645732155376,0.7039549280655077,0.77,0.3450220910032948,0.5752,0.1194,2.681507371993863
1.0,0.0,uniform,16,0.5398227235682644,0.8310281280433671,0.7583866638428173,0.83,0.3481711925543996,0.59915,0.1163,2.853970940392293
1.0,0.0,uniform,17,0.501087792958863,0.7987917013418755,0.7223654191876289,0.765,0.34266967557046146,0.58355,0.1193,2.6590855049217477
1.0,0.0,uniform,18,0.5282595433746189,0.8540139105523878,0.7876713889545941,0.845,0.3427633692907646,0.5942,0.1189,3.513403209467235
1.0,0.0,uniform,19,0.4817971947725576,0.7973300195779812,0.7171671071329146,0.765,0.34010892139343246,0.577,0.12115,2.7054227217848137
1.0,0.0,uniform,20,0.527119700541352,0.8308746446902042,0.7543630916184967,0.825,0.3383806536632152,0.5975,0.1211,3.140205651419893
1.0,0.2,uniform,1,0.5380338813570394,0.8520466623738446,0.7839741227300494,0.845,0.34713330740393855,0.599,0.1167,3.493245074367881
1.0,0.2,uniform,2,0.5039942537498406,0.7962481036573785,0.7136876678088657,0.755,0.3435210111476909,0.577,0.1196,2.813909628098438
1.0,0.2,uniform,3,0.4890296296058673,0.8261499475335397,0.7468060876688659,0.785,0.34343463348964554,0.5809,0.12,3.1440145008843112
1.0,0.2,uniform,4,0.5382270372131428,0.8272313179183766,0.7506605368862895,0.805,0.34365499232432895,0.5956,0.1181,3.0213899079944695
1.0,0.2,uniform,5,0.5029302632833011,0.8240810928756375,0.7407364396064614,0.795,0.3382582722220131,0.57805,0.12215,3.369363929395984
1.0,0.2,uniform,6,0.5186356672752157,0.8226695689023674,0.7491790574005611,0.81,0.34408494153493796,0.5835,0.11905,3.0107242738382727
1.0,0.2,uniform,7,0.513637667411623,0.8058320085988242,0.7169809780127524,0.79,0.34552799553034264,0.5899,0.118,2.8631801747781496
1.0,0.2,uniform,8,0.5087707013838418,0.8372429950388419,0.7659895149646064,0.815,0.34653140511046826,0.59175,0.11735,3.329212570031267
1.0,0.2,uniform,9,0.5037796340055101,0.8068108325606551,0.7266912310311219,0.78,0.34482799297576533,0.5848,0.1188,2.8930779823123
1.0,0.2,uniform,10,0.4783554051954107,0.8099449076257063,0.7282814870799745,0.77,0.3501481716646506,0.57305,0.1166,3.0020362908432876
1.0,0.2,uniform,11,0.5245057294818782,0.8043608846142755,0.7308655253628292,0.785,0.33878304641631096,0.5876,0.12095,2.7866527710791114
1.0,0.2,uniform,12,0.5092713362654364,0.8277524286040077,0.748916279477163,0.81,0.34229910347999165,0.5884,0.11975,3.1420036846842314
1.0,0.2,uniform,13,0.525746492476239,0.8352408788284472,0.7441869298217846,0.815,0.34883139779550887,0.5962,0.1161,2.898302510912162
1.0,0.2,uniform,14,0.49961878918402114,0.7931948662110127,0.704552654447348,0.75,0.3389561425762727,0.57905,0.1217,2.7789806782722257
1.0,0.2,uniform,15,0.49128662390873923,0.8211670600135267,0.723558601822916,0.79,0.3357898914025643,0.58435,0.12285,2.9122911758343784
1.0,0.2,uniform,16,0.5398227235682644,0.8334219645402257,0.7627382957057623,0.845,0.3508235736855144,0.6035,0.11485,3.1353060375339235
1.0,0.2,uniform,17,0.501087792958863,0.8155064897269579,0.740939765950508,0.795,0.34753378710509536,0.5921,0.1163,2.952578139471748
1.0,0.2,uniform,18,0.5282595433746189,0.8403537124634254,0.7739190648477031,0.835,0.3504731416680512,0.59835,0.11525,3.1162224827655636
1.0,0.2,uniform,19,0.4817971947725576,0.8296338506349608,0.741462890440634,0.795,0.34180440502561693,0.58455,0.11985,2.891756726020035
1.0,0.2,uniform,20,0.527119700541352,0.8410519016847817,0.7593401621647143,0.83,0.3393587075582827,0.5875,0.12045,3.241722380030388
1.0,0.4,uniform,1,0.5380338813570394,0.8608282264042123,0.7858734332510315,0.84,0.3554886681846983,0.59725,0.1127,4.017623901821908
1.0,0.4,uniform,2,0.5039942537498406,0.8207635053122039,0.7378385524128654,0.785,0.3479085349184378,0.58535,0.11715,3.0180428166401794
1.0,0.4,uniform,3,0.4890296296058673,0.8220954473934482,0.7429863765689894,0.79,0.3448908340091166,0.5842,0.11875,2.933903463133743
1.0,0.4,uniform,4,0.5382270372131428,0.838265434743164,0.7667601516180165,0.815,0.34814647941381194,0.59745,0.1162,3.3472782942525994
1.0,0.4,uniform,5,0.5029302632833011,0.8140700955712128,0.7382566749162146,0.795,0.3474237420534471,0.57975,0.11765,2.9329571851416607
1.0,0.4,uniform,6,0.5186356672752157,0.8177994190229828,0.7425258443188549,0.8,0.34849614127371425,0.59365,0.11635,2.8556340500598414
1.0,0.4,uniform,7,0.513637667411623,0.7999178858895138,0.7141146153743222,0.775,0.34324841141307416,0.59565,0.11905,2.779856960527617
1.0,0.4,uniform,8,0.5087707013838418,0.8205168904385941,0.7388804152691829,0.79,0.3489517845880749,0.59,0.1159,3.208178451649415
1.0,0.4,uniform,9,0.5037796340055101,0.8232388971663422,0.7446790212180914,0.81,0.3502312843684644,0.59625,0.1158,3.188914851359997
1.0,0.4,uniform,10,0.4783554051954107,0.8058432585231414,0.7247689919429154,0.785,0.3487590478733669,0.5834,0.1166,2.694523550075577
1.0,0.4,uniform,11,0.5245057294818782,0.8088591672132537,0.7373206037257951,0.785,0.34615821143531783,0.5889,0.1176,2.8064510954800292
1.0,0.4,uniform,12,0.5092713362654364,0.8246040076935818,0.7429515098090156,0.81,0.34379812374772056,0.58955,0.11885,3.0701267282844618
1.0,0.4,uniform,13,0.525746492476239,0.8231843344916484,0.7299158208833844,0.83,0.34610774982480097,0.5904,0.11715,3.127035020632813
1.0,0.4,uniform,14,0.49961878918402114,0.8032105774964395,0.7189079201107326,0.76,0.34284859400461054,0.57645,0.11995,2.754980804494805
1.0,0.4,uniform,15,0.49128662390873923,0.8069518028109885,0.7013422435650455,0.77,0.3445418409897269,0.57895,0.1188,2.8199406654542583
1.0,0.4,uniform,16,0.5398227235682644,0.8220032260891176,0.7450699467945151,0.815,0.35717346545394174,0.60455,0.1117,2.8576534203898856
1.0,0.4,uniform,17,0.501087792958863,0.8052113872808728,0.7287866922020184,0.78,0.34793479795379834,0.5895,0.1174,2.7733467843503825
1.0,0.4,uniform,18,0.5282595433746189,0.8182540695441749,0.750357208092652,0.81,0.34953498879518435,0.58975,0.11615,2.903205058758786
1.0,0.4,uniform,19,0.4817971947725576,0.8053424166425472,0.7234440215851637,0.77,0.3515672904450641,0.57925,0.1158,2.8226463701697173
1.0,0.4,uniform,20,0.527119700541352,0.8327753466267942,0.7437684021210803,0.82,0.3498110566214606,0.5937,0.1152,2.9229263610970238
1.0,0.6,uniform,1,0.5380338813570394,0.8501393595234487,0.771448496695499,0.84,0.35414763253037196,0.59805,0.11305,3.5595759677130756
1.0,0.6,uniform,2,0.5039942537498406,0.8210467959041403,0.7394625486595114,0.78,0.3457751886805015,0.5923,0.11755,3.221714610881944
1.0,0.6,uniform,3,0.4890296296058673,0.8034762851243784,0.7116216852544832,0.765,0.34948240011411064,0.58465,0.11625,2.669978605351378
1.0,0.6,uniform,4,0.5382270372131428,0.8366972819824832,0.7655588043566124,0.82,0.34894631744193816,0.6008,0.1155,3.155959380397818
1.0,0.6,uniform,5,0.5029302632833011,0.8073500772274258,0.7275392882745515,0.76,0.34560244866622497,0.5833,0.1181,2.8265031195010546
1.0,0.6,uniform,6,0.5186356672752157,0.8243892208444957,0.75405180346901,0.815,0.3518717220092627,0.6027,0.11385,3.026216397188362
1.0,0.6,uniform,7,0.513637667411623,0.7799174558019196,0.6895747472600258,0.76,0.3475928304626187,0.5944,0.1168,2.551330980538561
1.0,0.6,uniform,8,0.5087707013838418,0.8219835245801568,0.742647054945077,0.81,0.3476279904698407,0.5914,0.11715,3.255904548526265
1.0,0.6,uniform,9,0.5037796340055101,0.7963645516829058,0.7170096329306364,0.78,0.35266016293506147,0.5961,0.11465,2.754375742196681
1.0,0.6,uniform,10,0.4783554051954107,0.7934834810892301,0.7169177967895357,0.775,0.346837468013083,0.5796,0.11765,2.649671232435833
1.0,0.6,uniform,11,0.5245057294818782,0.8438861551036518,0.7731486151472083,0.82,0.3483360066110479,0.60195,0.1154,3.4108532207501407
1.0,0.6,uniform,12,0.5092713362654364,0.8316212197165433,0.7448701808524837,0.825,0.3461083559003373,0.5924,0.1173,3.007628154214297
1.0,0.6,uniform,13,0.525746492476239,0.8186680489701288,0.7331317398544251,0.79,0.3461792472295475,0.59695,0.1173,2.9194871318859352
1.0,0.6,uniform,14,0.49961878918402114,0.7830263956778305,0.704315219296953,0.765,0.34944084937284003,0.58515,0.1164,2.540272983025171
1.0,0.6,uniform,15,0.49128662390873923,0.8094801429327569,0.7128768739077551,0.775,0.35171319171399645,0.59185,0.11465,2.568974886898993
1.0,0.6,uniform,16,0.5398227235682644,0.841410898138847,0.7630703278424481,0.85,0.35518387251885014,0.60745,0.1126,3.291882084479533
1.0,0.6,uniform,17,0.501087792958863,0.8015617862195381,0.7207142423960549,0.775,0.3473475237225842,0.5907,0.1188,2.855360863775186
1.0,0.6,uniform,18,0.5282595433746189,0.8485164360124406,0.7757623490531594,0.815,0.3614781442917333,0.59755,0.11025,3.412302269658591
1.0,0.6,uniform,19,0.4817971947725576,0.8176630364151437,0.7293611549983621,0.79,0.3447602429231608,0.5839,0.1186,3.0972414820804373
1.0,0.6,uniform,20,0.527119700541352,0.8079806153040604,0.712577624359509,0.805,0.3538401933176043,0.60035,0.11335,2.867557419276443
1.0,0.8,uniform,1,0.5380338813570394,0.8316412258848241,0.7553850756099817,0.805,0.36063700645340185,0.59635,0.1114,3.2840004012616637
1.0,0.8,uniform,2,0.5039942537498406,0.7918347422714516,0.709458098396772,0.755,0.3458113194071726,0.5882,0.1191,2.621070899228244
1.0,0.8,uniform,3,0.4890296296058673,0.804981741351983,0.7187433154715859,0.785,0.35021037981857966,0.59025,0.1168,2.735732216199649
1.0,0.8,uniform,4,0.5382270372131428,0.8293324126930176,0.7525008811926566,0.815,0.34852541332385445,0.6018,0.1186,3.273103731552502
1.0,0.8,uniform,5,0.5029302632833011,0.8406176334871173,0.7625923663394542,0.835,0.34616108355403336,0.5877,0.1224,3.4093209453117383
1.0,0.8,uniform,6,0.5186356672752157,0.8063650197157182,0.7287920165881576,0.785,0.35263356916830324,0.59485,0.1142,2.7625114141623723
1.0,0.8,uniform,7,0.513637667411623,0.8044258175832049,0.714601939689201,0.775,0.35041845214293443,0.5945,0.1155,2.995326593825037
1.0,0.8,uniform,8,0.5087707013838418,0.8303607007263584,0.7559132796983473,0.835,0.3499908653928076,0.6,0.1158,3.033504468351922
1.0,0.8,uniform,9,0.5037796340055101,0.798860104707327,0.7162126924522536,0.765,0.3515843491849223,0.5998,0.11475,2.68435128363495
1.0,0.8,uniform,10,0.4783554051954107,0.7926152644117359,0.7037605612740805,0.745,0.35487642931350694,0.5832,0.11425,2.883947823058388
1.0,0.8,uniform,11,0.5245057294818782,0.8171415444794167,0.7338515355922925,0.795,0.34611613758288695,0.5835,0.1207,2.889529319270716
1.0,0.8,uniform,12,0.5092713362654364,0.8198698455542833,0.7349383905484097,0.81,0.3534898791777594,0.59735,0.114,2.8978650930368826
1.0,0.8,uniform,13,0.525746492476239,0.8393037710977777,0.7556305571882547,0.83,0.3543232756506015,0.5932,0.11525,3.1109428740274763
1.0,0.8,uniform,14,0.49961878918402114,0.8039194843242428,0.7148280410456286,0.765,0.35213000072274125,0.581,0.1159,2.720777270897008
1.0,0.8,uniform,15,0.49128662390873923,0.8128117878421947,0.7061330738994286,0.77,0.350010005700568,0.588,0.11835,2.468996264377216
1.0,0.8,uniform,16,0.5398227235682644,0.8595244815863374,0.7843667534449145,0.855,0.3631018212327405,0.60875,0.1082,3.55428792524893
1.0,0.8,uniform,17,0.501087792958863,0.8006549374801861,0.7170305487346941,0.76,0.3576647225796636,0.5861,0.113,2.9050142933814023
1.0,0.8,uniform,18,0.5282595433746189,0.8566618328833548,0.7823682818933171,0.84,0.3578132050433486,0.6052,0.1116,3.416794238372378
1.0,0.8,uniform,19,0.4817971947725576,0.7894686393252712,0.708099758817516,0.76,0.35174772106511926,0.5799,0.1163,2.6273352481695005
1.0,0.8,uniform,20,0.527119700541352,0.826809812622475,0.7461883441693703,0.815,0.34804695879854075,0.5933,0.11985,3.3811189314027597
